employee_code,exam_date,slot,available,professor_name,designation,department_id
ZOO001,2025-12-08,FN,true,Prof_ZOO_001,PROFESSOR,1
ZOO001,2025-12-08,AN,true,Prof_ZOO_001,PROFESSOR,1
ZOO001,2025-12-09,FN,true,Prof_ZOO_001,PROFESSOR,1
ZOO001,2025-12-09,AN,true,Prof_ZOO_001,PROFESSOR,1
ZOO001,2025-12-10,FN,true,Prof_ZOO_001,PROFESSOR,1
ZOO001,2025-12-10,AN,true,Prof_ZOO_001,PROFESSOR,1
ZOO001,2025-12-11,FN,false,Prof_ZOO_001,PROFESSOR,1
ZOO001,2025-12-11,AN,true,Prof_ZOO_001,PROFESSOR,1
ZOO001,2025-12-12,FN,true,Prof_ZOO_001,PROFESSOR,1
ZOO001,2025-12-12,AN,true,Prof_ZOO_001,PROFESSOR,1
ZOO001,2025-12-13,FN,true,Prof_ZOO_001,PROFESSOR,1
ZOO001,2025-12-13,AN,true,Prof_ZOO_001,PROFESSOR,1
ZOO001,2025-12-15,FN,false,Prof_ZOO_001,PROFESSOR,1
ZOO001,2025-12-15,AN,false,Prof_ZOO_001,PROFESSOR,1
ZOO001,2025-12-16,FN,true,Prof_ZOO_001,PROFESSOR,1
ZOO001,2025-12-16,AN,true,Prof_ZOO_001,PROFESSOR,1
ZOO001,2025-12-17,FN,true,Prof_ZOO_001,PROFESSOR,1
ZOO001,2025-12-17,AN,true,Prof_ZOO_001,PROFESSOR,1
ZOO001,2025-12-18,FN,true,Prof_ZOO_001,PROFESSOR,1
ZOO001,2025-12-18,AN,true,Prof_ZOO_001,PROFESSOR,1
ZOO001,2025-12-19,FN,true,Prof_ZOO_001,PROFESSOR,1
ZOO001,2025-12-19,AN,true,Prof_ZOO_001,PROFESSOR,1
ZOO001,2025-12-20,FN,true,Prof_ZOO_001,PROFESSOR,1
ZOO001,2025-12-20,AN,false,Prof_ZOO_001,PROFESSOR,1
ZOO001,2025-12-22,FN,true,Prof_ZOO_001,PROFESSOR,1
ZOO001,2025-12-22,AN,true,Prof_ZOO_001,PROFESSOR,1
ZOO001,2025-11-25,FN,true,Prof_ZOO_001,PROFESSOR,1
ZOO001,2025-11-25,AN,true,Prof_ZOO_001,PROFESSOR,1
ZOO002,2025-12-08,FN,true,Prof_ZOO_002,ASSOCIATE_PROFESSOR,1
ZOO002,2025-12-08,AN,true,Prof_ZOO_002,ASSOCIATE_PROFESSOR,1
ZOO002,2025-12-09,FN,true,Prof_ZOO_002,ASSOCIATE_PROFESSOR,1
ZOO002,2025-12-09,AN,true,Prof_ZOO_002,ASSOCIATE_PROFESSOR,1
ZOO002,2025-12-10,FN,true,Prof_ZOO_002,ASSOCIATE_PROFESSOR,1
ZOO002,2025-12-10,AN,true,Prof_ZOO_002,ASSOCIATE_PROFESSOR,1
ZOO002,2025-12-11,FN,false,Prof_ZOO_002,ASSOCIATE_PROFESSOR,1
ZOO002,2025-12-11,AN,false,Prof_ZOO_002,ASSOCIATE_PROFESSOR,1
ZOO002,2025-12-12,FN,true,Prof_ZOO_002,ASSOCIATE_PROFESSOR,1
ZOO002,2025-12-12,AN,true,Prof_ZOO_002,ASSOCIATE_PROFESSOR,1
ZOO002,2025-12-13,FN,true,Prof_ZOO_002,ASSOCIATE_PROFESSOR,1
ZOO002,2025-12-13,AN,false,Prof_ZOO_002,ASSOCIATE_PROFESSOR,1
ZOO002,2025-12-15,FN,true,Prof_ZOO_002,ASSOCIATE_PROFESSOR,1
ZOO002,2025-12-15,AN,true,Prof_ZOO_002,ASSOCIATE_PROFESSOR,1
ZOO002,2025-12-16,FN,false,Prof_ZOO_002,ASSOCIATE_PROFESSOR,1
ZOO002,2025-12-16,AN,true,Prof_ZOO_002,ASSOCIATE_PROFESSOR,1
ZOO002,2025-12-17,FN,true,Prof_ZOO_002,ASSOCIATE_PROFESSOR,1
ZOO002,2025-12-17,AN,true,Prof_ZOO_002,ASSOCIATE_PROFESSOR,1
ZOO002,2025-12-18,FN,true,Prof_ZOO_002,ASSOCIATE_PROFESSOR,1
ZOO002,2025-12-18,AN,true,Prof_ZOO_002,ASSOCIATE_PROFESSOR,1
ZOO002,2025-12-19,FN,true,Prof_ZOO_002,ASSOCIATE_PROFESSOR,1
ZOO002,2025-12-19,AN,true,Prof_ZOO_002,ASSOCIATE_PROFESSOR,1
ZOO002,2025-12-20,FN,true,Prof_ZOO_002,ASSOCIATE_PROFESSOR,1
ZOO002,2025-12-20,AN,true,Prof_ZOO_002,ASSOCIATE_PROFESSOR,1
ZOO002,2025-12-22,FN,false,Prof_ZOO_002,ASSOCIATE_PROFESSOR,1
ZOO002,2025-12-22,AN,false,Prof_ZOO_002,ASSOCIATE_PROFESSOR,1
ZOO002,2025-11-25,FN,true,Prof_ZOO_002,ASSOCIATE_PROFESSOR,1
ZOO002,2025-11-25,AN,true,Prof_ZOO_002,ASSOCIATE_PROFESSOR,1
ZOO003,2025-12-08,FN,true,Prof_ZOO_003,ASSISTANT_PROFESSOR,1
ZOO003,2025-12-08,AN,true,Prof_ZOO_003,ASSISTANT_PROFESSOR,1
ZOO003,2025-12-09,FN,true,Prof_ZOO_003,ASSISTANT_PROFESSOR,1
ZOO003,2025-12-09,AN,true,Prof_ZOO_003,ASSISTANT_PROFESSOR,1
ZOO003,2025-12-10,FN,true,Prof_ZOO_003,ASSISTANT_PROFESSOR,1
ZOO003,2025-12-10,AN,false,Prof_ZOO_003,ASSISTANT_PROFESSOR,1
ZOO003,2025-12-11,FN,false,Prof_ZOO_003,ASSISTANT_PROFESSOR,1
ZOO003,2025-12-11,AN,true,Prof_ZOO_003,ASSISTANT_PROFESSOR,1
ZOO003,2025-12-12,FN,false,Prof_ZOO_003,ASSISTANT_PROFESSOR,1
ZOO003,2025-12-12,AN,true,Prof_ZOO_003,ASSISTANT_PROFESSOR,1
ZOO003,2025-12-13,FN,false,Prof_ZOO_003,ASSISTANT_PROFESSOR,1
ZOO003,2025-12-13,AN,false,Prof_ZOO_003,ASSISTANT_PROFESSOR,1
ZOO003,2025-12-15,FN,false,Prof_ZOO_003,ASSISTANT_PROFESSOR,1
ZOO003,2025-12-15,AN,true,Prof_ZOO_003,ASSISTANT_PROFESSOR,1
ZOO003,2025-12-16,FN,true,Prof_ZOO_003,ASSISTANT_PROFESSOR,1
ZOO003,2025-12-16,AN,true,Prof_ZOO_003,ASSISTANT_PROFESSOR,1
ZOO003,2025-12-17,FN,true,Prof_ZOO_003,ASSISTANT_PROFESSOR,1
ZOO003,2025-12-17,AN,true,Prof_ZOO_003,ASSISTANT_PROFESSOR,1
ZOO003,2025-12-18,FN,true,Prof_ZOO_003,ASSISTANT_PROFESSOR,1
ZOO003,2025-12-18,AN,false,Prof_ZOO_003,ASSISTANT_PROFESSOR,1
ZOO003,2025-12-19,FN,false,Prof_ZOO_003,ASSISTANT_PROFESSOR,1
ZOO003,2025-12-19,AN,true,Prof_ZOO_003,ASSISTANT_PROFESSOR,1
ZOO003,2025-12-20,FN,true,Prof_ZOO_003,ASSISTANT_PROFESSOR,1
ZOO003,2025-12-20,AN,true,Prof_ZOO_003,ASSISTANT_PROFESSOR,1
ZOO003,2025-12-22,FN,true,Prof_ZOO_003,ASSISTANT_PROFESSOR,1
ZOO003,2025-12-22,AN,true,Prof_ZOO_003,ASSISTANT_PROFESSOR,1
ZOO003,2025-11-25,FN,true,Prof_ZOO_003,ASSISTANT_PROFESSOR,1
ZOO003,2025-11-25,AN,true,Prof_ZOO_003,ASSISTANT_PROFESSOR,1
ZOO004,2025-12-08,FN,true,Prof_ZOO_004,PROFESSOR,1
ZOO004,2025-12-08,AN,true,Prof_ZOO_004,PROFESSOR,1
ZOO004,2025-12-09,FN,true,Prof_ZOO_004,PROFESSOR,1
ZOO004,2025-12-09,AN,false,Prof_ZOO_004,PROFESSOR,1
ZOO004,2025-12-10,FN,false,Prof_ZOO_004,PROFESSOR,1
ZOO004,2025-12-10,AN,true,Prof_ZOO_004,PROFESSOR,1
ZOO004,2025-12-11,FN,true,Prof_ZOO_004,PROFESSOR,1
ZOO004,2025-12-11,AN,true,Prof_ZOO_004,PROFESSOR,1
ZOO004,2025-12-12,FN,true,Prof_ZOO_004,PROFESSOR,1
ZOO004,2025-12-12,AN,true,Prof_ZOO_004,PROFESSOR,1
ZOO004,2025-12-13,FN,true,Prof_ZOO_004,PROFESSOR,1
ZOO004,2025-12-13,AN,true,Prof_ZOO_004,PROFESSOR,1
ZOO004,2025-12-15,FN,true,Prof_ZOO_004,PROFESSOR,1
ZOO004,2025-12-15,AN,true,Prof_ZOO_004,PROFESSOR,1
ZOO004,2025-12-16,FN,true,Prof_ZOO_004,PROFESSOR,1
ZOO004,2025-12-16,AN,false,Prof_ZOO_004,PROFESSOR,1
ZOO004,2025-12-17,FN,true,Prof_ZOO_004,PROFESSOR,1
ZOO004,2025-12-17,AN,true,Prof_ZOO_004,PROFESSOR,1
ZOO004,2025-12-18,FN,true,Prof_ZOO_004,PROFESSOR,1
ZOO004,2025-12-18,AN,false,Prof_ZOO_004,PROFESSOR,1
ZOO004,2025-12-19,FN,true,Prof_ZOO_004,PROFESSOR,1
ZOO004,2025-12-19,AN,true,Prof_ZOO_004,PROFESSOR,1
ZOO004,2025-12-20,FN,true,Prof_ZOO_004,PROFESSOR,1
ZOO004,2025-12-20,AN,true,Prof_ZOO_004,PROFESSOR,1
ZOO004,2025-12-22,FN,false,Prof_ZOO_004,PROFESSOR,1
ZOO004,2025-12-22,AN,true,Prof_ZOO_004,PROFESSOR,1
ZOO004,2025-11-25,FN,true,Prof_ZOO_004,PROFESSOR,1
ZOO004,2025-11-25,AN,true,Prof_ZOO_004,PROFESSOR,1
ZOO005,2025-12-08,FN,true,Prof_ZOO_005,ASSOCIATE_PROFESSOR,1
ZOO005,2025-12-08,AN,true,Prof_ZOO_005,ASSOCIATE_PROFESSOR,1
ZOO005,2025-12-09,FN,true,Prof_ZOO_005,ASSOCIATE_PROFESSOR,1
ZOO005,2025-12-09,AN,false,Prof_ZOO_005,ASSOCIATE_PROFESSOR,1
ZOO005,2025-12-10,FN,true,Prof_ZOO_005,ASSOCIATE_PROFESSOR,1
ZOO005,2025-12-10,AN,true,Prof_ZOO_005,ASSOCIATE_PROFESSOR,1
ZOO005,2025-12-11,FN,true,Prof_ZOO_005,ASSOCIATE_PROFESSOR,1
ZOO005,2025-12-11,AN,true,Prof_ZOO_005,ASSOCIATE_PROFESSOR,1
ZOO005,2025-12-12,FN,true,Prof_ZOO_005,ASSOCIATE_PROFESSOR,1
ZOO005,2025-12-12,AN,true,Prof_ZOO_005,ASSOCIATE_PROFESSOR,1
ZOO005,2025-12-13,FN,true,Prof_ZOO_005,ASSOCIATE_PROFESSOR,1
ZOO005,2025-12-13,AN,true,Prof_ZOO_005,ASSOCIATE_PROFESSOR,1
ZOO005,2025-12-15,FN,false,Prof_ZOO_005,ASSOCIATE_PROFESSOR,1
ZOO005,2025-12-15,AN,true,Prof_ZOO_005,ASSOCIATE_PROFESSOR,1
ZOO005,2025-12-16,FN,true,Prof_ZOO_005,ASSOCIATE_PROFESSOR,1
ZOO005,2025-12-16,AN,true,Prof_ZOO_005,ASSOCIATE_PROFESSOR,1
ZOO005,2025-12-17,FN,true,Prof_ZOO_005,ASSOCIATE_PROFESSOR,1
ZOO005,2025-12-17,AN,true,Prof_ZOO_005,ASSOCIATE_PROFESSOR,1
ZOO005,2025-12-18,FN,true,Prof_ZOO_005,ASSOCIATE_PROFESSOR,1
ZOO005,2025-12-18,AN,false,Prof_ZOO_005,ASSOCIATE_PROFESSOR,1
ZOO005,2025-12-19,FN,true,Prof_ZOO_005,ASSOCIATE_PROFESSOR,1
ZOO005,2025-12-19,AN,false,Prof_ZOO_005,ASSOCIATE_PROFESSOR,1
ZOO005,2025-12-20,FN,true,Prof_ZOO_005,ASSOCIATE_PROFESSOR,1
ZOO005,2025-12-20,AN,true,Prof_ZOO_005,ASSOCIATE_PROFESSOR,1
ZOO005,2025-12-22,FN,true,Prof_ZOO_005,ASSOCIATE_PROFESSOR,1
ZOO005,2025-12-22,AN,true,Prof_ZOO_005,ASSOCIATE_PROFESSOR,1
ZOO005,2025-11-25,FN,false,Prof_ZOO_005,ASSOCIATE_PROFESSOR,1
ZOO005,2025-11-25,AN,true,Prof_ZOO_005,ASSOCIATE_PROFESSOR,1
ZOO006,2025-12-08,FN,true,Prof_ZOO_006,ASSISTANT_PROFESSOR,1
ZOO006,2025-12-08,AN,true,Prof_ZOO_006,ASSISTANT_PROFESSOR,1
ZOO006,2025-12-09,FN,false,Prof_ZOO_006,ASSISTANT_PROFESSOR,1
ZOO006,2025-12-09,AN,true,Prof_ZOO_006,ASSISTANT_PROFESSOR,1
ZOO006,2025-12-10,FN,false,Prof_ZOO_006,ASSISTANT_PROFESSOR,1
ZOO006,2025-12-10,AN,true,Prof_ZOO_006,ASSISTANT_PROFESSOR,1
ZOO006,2025-12-11,FN,true,Prof_ZOO_006,ASSISTANT_PROFESSOR,1
ZOO006,2025-12-11,AN,true,Prof_ZOO_006,ASSISTANT_PROFESSOR,1
ZOO006,2025-12-12,FN,true,Prof_ZOO_006,ASSISTANT_PROFESSOR,1
ZOO006,2025-12-12,AN,false,Prof_ZOO_006,ASSISTANT_PROFESSOR,1
ZOO006,2025-12-13,FN,true,Prof_ZOO_006,ASSISTANT_PROFESSOR,1
ZOO006,2025-12-13,AN,true,Prof_ZOO_006,ASSISTANT_PROFESSOR,1
ZOO006,2025-12-15,FN,true,Prof_ZOO_006,ASSISTANT_PROFESSOR,1
ZOO006,2025-12-15,AN,false,Prof_ZOO_006,ASSISTANT_PROFESSOR,1
ZOO006,2025-12-16,FN,false,Prof_ZOO_006,ASSISTANT_PROFESSOR,1
ZOO006,2025-12-16,AN,false,Prof_ZOO_006,ASSISTANT_PROFESSOR,1
ZOO006,2025-12-17,FN,true,Prof_ZOO_006,ASSISTANT_PROFESSOR,1
ZOO006,2025-12-17,AN,false,Prof_ZOO_006,ASSISTANT_PROFESSOR,1
ZOO006,2025-12-18,FN,true,Prof_ZOO_006,ASSISTANT_PROFESSOR,1
ZOO006,2025-12-18,AN,false,Prof_ZOO_006,ASSISTANT_PROFESSOR,1
ZOO006,2025-12-19,FN,true,Prof_ZOO_006,ASSISTANT_PROFESSOR,1
ZOO006,2025-12-19,AN,true,Prof_ZOO_006,ASSISTANT_PROFESSOR,1
ZOO006,2025-12-20,FN,true,Prof_ZOO_006,ASSISTANT_PROFESSOR,1
ZOO006,2025-12-20,AN,true,Prof_ZOO_006,ASSISTANT_PROFESSOR,1
ZOO006,2025-12-22,FN,true,Prof_ZOO_006,ASSISTANT_PROFESSOR,1
ZOO006,2025-12-22,AN,true,Prof_ZOO_006,ASSISTANT_PROFESSOR,1
ZOO006,2025-11-25,FN,true,Prof_ZOO_006,ASSISTANT_PROFESSOR,1
ZOO006,2025-11-25,AN,false,Prof_ZOO_006,ASSISTANT_PROFESSOR,1
PHY001,2025-12-08,FN,true,Prof_PHY_001,PROFESSOR,2
PHY001,2025-12-08,AN,false,Prof_PHY_001,PROFESSOR,2
PHY001,2025-12-09,FN,true,Prof_PHY_001,PROFESSOR,2
PHY001,2025-12-09,AN,true,Prof_PHY_001,PROFESSOR,2
PHY001,2025-12-10,FN,true,Prof_PHY_001,PROFESSOR,2
PHY001,2025-12-10,AN,false,Prof_PHY_001,PROFESSOR,2
PHY001,2025-12-11,FN,false,Prof_PHY_001,PROFESSOR,2
PHY001,2025-12-11,AN,true,Prof_PHY_001,PROFESSOR,2
PHY001,2025-12-12,FN,true,Prof_PHY_001,PROFESSOR,2
PHY001,2025-12-12,AN,true,Prof_PHY_001,PROFESSOR,2
PHY001,2025-12-13,FN,false,Prof_PHY_001,PROFESSOR,2
PHY001,2025-12-13,AN,true,Prof_PHY_001,PROFESSOR,2
PHY001,2025-12-15,FN,false,Prof_PHY_001,PROFESSOR,2
PHY001,2025-12-15,AN,true,Prof_PHY_001,PROFESSOR,2
PHY001,2025-12-16,FN,true,Prof_PHY_001,PROFESSOR,2
PHY001,2025-12-16,AN,true,Prof_PHY_001,PROFESSOR,2
PHY001,2025-12-17,FN,true,Prof_PHY_001,PROFESSOR,2
PHY001,2025-12-17,AN,false,Prof_PHY_001,PROFESSOR,2
PHY001,2025-12-18,FN,true,Prof_PHY_001,PROFESSOR,2
PHY001,2025-12-18,AN,true,Prof_PHY_001,PROFESSOR,2
PHY001,2025-12-19,FN,true,Prof_PHY_001,PROFESSOR,2
PHY001,2025-12-19,AN,false,Prof_PHY_001,PROFESSOR,2
PHY001,2025-12-20,FN,true,Prof_PHY_001,PROFESSOR,2
PHY001,2025-12-20,AN,true,Prof_PHY_001,PROFESSOR,2
PHY001,2025-12-22,FN,true,Prof_PHY_001,PROFESSOR,2
PHY001,2025-12-22,AN,true,Prof_PHY_001,PROFESSOR,2
PHY001,2025-11-25,FN,false,Prof_PHY_001,PROFESSOR,2
PHY001,2025-11-25,AN,true,Prof_PHY_001,PROFESSOR,2
PHY002,2025-12-08,FN,true,Prof_PHY_002,ASSOCIATE_PROFESSOR,2
PHY002,2025-12-08,AN,true,Prof_PHY_002,ASSOCIATE_PROFESSOR,2
PHY002,2025-12-09,FN,true,Prof_PHY_002,ASSOCIATE_PROFESSOR,2
PHY002,2025-12-09,AN,false,Prof_PHY_002,ASSOCIATE_PROFESSOR,2
PHY002,2025-12-10,FN,true,Prof_PHY_002,ASSOCIATE_PROFESSOR,2
PHY002,2025-12-10,AN,false,Prof_PHY_002,ASSOCIATE_PROFESSOR,2
PHY002,2025-12-11,FN,true,Prof_PHY_002,ASSOCIATE_PROFESSOR,2
PHY002,2025-12-11,AN,false,Prof_PHY_002,ASSOCIATE_PROFESSOR,2
PHY002,2025-12-12,FN,true,Prof_PHY_002,ASSOCIATE_PROFESSOR,2
PHY002,2025-12-12,AN,true,Prof_PHY_002,ASSOCIATE_PROFESSOR,2
PHY002,2025-12-13,FN,true,Prof_PHY_002,ASSOCIATE_PROFESSOR,2
PHY002,2025-12-13,AN,false,Prof_PHY_002,ASSOCIATE_PROFESSOR,2
PHY002,2025-12-15,FN,false,Prof_PHY_002,ASSOCIATE_PROFESSOR,2
PHY002,2025-12-15,AN,true,Prof_PHY_002,ASSOCIATE_PROFESSOR,2
PHY002,2025-12-16,FN,true,Prof_PHY_002,ASSOCIATE_PROFESSOR,2
PHY002,2025-12-16,AN,false,Prof_PHY_002,ASSOCIATE_PROFESSOR,2
PHY002,2025-12-17,FN,true,Prof_PHY_002,ASSOCIATE_PROFESSOR,2
PHY002,2025-12-17,AN,true,Prof_PHY_002,ASSOCIATE_PROFESSOR,2
PHY002,2025-12-18,FN,true,Prof_PHY_002,ASSOCIATE_PROFESSOR,2
PHY002,2025-12-18,AN,false,Prof_PHY_002,ASSOCIATE_PROFESSOR,2
PHY002,2025-12-19,FN,true,Prof_PHY_002,ASSOCIATE_PROFESSOR,2
PHY002,2025-12-19,AN,true,Prof_PHY_002,ASSOCIATE_PROFESSOR,2
PHY002,2025-12-20,FN,true,Prof_PHY_002,ASSOCIATE_PROFESSOR,2
PHY002,2025-12-20,AN,true,Prof_PHY_002,ASSOCIATE_PROFESSOR,2
PHY002,2025-12-22,FN,false,Prof_PHY_002,ASSOCIATE_PROFESSOR,2
PHY002,2025-12-22,AN,true,Prof_PHY_002,ASSOCIATE_PROFESSOR,2
PHY002,2025-11-25,FN,true,Prof_PHY_002,ASSOCIATE_PROFESSOR,2
PHY002,2025-11-25,AN,true,Prof_PHY_002,ASSOCIATE_PROFESSOR,2
PHY003,2025-12-08,FN,false,Prof_PHY_003,ASSISTANT_PROFESSOR,2
PHY003,2025-12-08,AN,true,Prof_PHY_003,ASSISTANT_PROFESSOR,2
PHY003,2025-12-09,FN,false,Prof_PHY_003,ASSISTANT_PROFESSOR,2
PHY003,2025-12-09,AN,true,Prof_PHY_003,ASSISTANT_PROFESSOR,2
PHY003,2025-12-10,FN,true,Prof_PHY_003,ASSISTANT_PROFESSOR,2
PHY003,2025-12-10,AN,true,Prof_PHY_003,ASSISTANT_PROFESSOR,2
PHY003,2025-12-11,FN,true,Prof_PHY_003,ASSISTANT_PROFESSOR,2
PHY003,2025-12-11,AN,true,Prof_PHY_003,ASSISTANT_PROFESSOR,2
PHY003,2025-12-12,FN,true,Prof_PHY_003,ASSISTANT_PROFESSOR,2
PHY003,2025-12-12,AN,true,Prof_PHY_003,ASSISTANT_PROFESSOR,2
PHY003,2025-12-13,FN,true,Prof_PHY_003,ASSISTANT_PROFESSOR,2
PHY003,2025-12-13,AN,true,Prof_PHY_003,ASSISTANT_PROFESSOR,2
PHY003,2025-12-15,FN,true,Prof_PHY_003,ASSISTANT_PROFESSOR,2
PHY003,2025-12-15,AN,false,Prof_PHY_003,ASSISTANT_PROFESSOR,2
PHY003,2025-12-16,FN,true,Prof_PHY_003,ASSISTANT_PROFESSOR,2
PHY003,2025-12-16,AN,true,Prof_PHY_003,ASSISTANT_PROFESSOR,2
PHY003,2025-12-17,FN,false,Prof_PHY_003,ASSISTANT_PROFESSOR,2
PHY003,2025-12-17,AN,true,Prof_PHY_003,ASSISTANT_PROFESSOR,2
PHY003,2025-12-18,FN,true,Prof_PHY_003,ASSISTANT_PROFESSOR,2
PHY003,2025-12-18,AN,false,Prof_PHY_003,ASSISTANT_PROFESSOR,2
PHY003,2025-12-19,FN,true,Prof_PHY_003,ASSISTANT_PROFESSOR,2
PHY003,2025-12-19,AN,true,Prof_PHY_003,ASSISTANT_PROFESSOR,2
PHY003,2025-12-20,FN,true,Prof_PHY_003,ASSISTANT_PROFESSOR,2
PHY003,2025-12-20,AN,true,Prof_PHY_003,ASSISTANT_PROFESSOR,2
PHY003,2025-12-22,FN,true,Prof_PHY_003,ASSISTANT_PROFESSOR,2
PHY003,2025-12-22,AN,false,Prof_PHY_003,ASSISTANT_PROFESSOR,2
PHY003,2025-11-25,FN,true,Prof_PHY_003,ASSISTANT_PROFESSOR,2
PHY003,2025-11-25,AN,true,Prof_PHY_003,ASSISTANT_PROFESSOR,2
PHY004,2025-12-08,FN,true,Prof_PHY_004,PROFESSOR,2
PHY004,2025-12-08,AN,false,Prof_PHY_004,PROFESSOR,2
PHY004,2025-12-09,FN,true,Prof_PHY_004,PROFESSOR,2
PHY004,2025-12-09,AN,true,Prof_PHY_004,PROFESSOR,2
PHY004,2025-12-10,FN,true,Prof_PHY_004,PROFESSOR,2
PHY004,2025-12-10,AN,false,Prof_PHY_004,PROFESSOR,2
PHY004,2025-12-11,FN,false,Prof_PHY_004,PROFESSOR,2
PHY004,2025-12-11,AN,true,Prof_PHY_004,PROFESSOR,2
PHY004,2025-12-12,FN,true,Prof_PHY_004,PROFESSOR,2
PHY004,2025-12-12,AN,true,Prof_PHY_004,PROFESSOR,2
PHY004,2025-12-13,FN,true,Prof_PHY_004,PROFESSOR,2
PHY004,2025-12-13,AN,false,Prof_PHY_004,PROFESSOR,2
PHY004,2025-12-15,FN,true,Prof_PHY_004,PROFESSOR,2
PHY004,2025-12-15,AN,false,Prof_PHY_004,PROFESSOR,2
PHY004,2025-12-16,FN,false,Prof_PHY_004,PROFESSOR,2
PHY004,2025-12-16,AN,true,Prof_PHY_004,PROFESSOR,2
PHY004,2025-12-17,FN,false,Prof_PHY_004,PROFESSOR,2
PHY004,2025-12-17,AN,true,Prof_PHY_004,PROFESSOR,2
PHY004,2025-12-18,FN,true,Prof_PHY_004,PROFESSOR,2
PHY004,2025-12-18,AN,true,Prof_PHY_004,PROFESSOR,2
PHY004,2025-12-19,FN,true,Prof_PHY_004,PROFESSOR,2
PHY004,2025-12-19,AN,true,Prof_PHY_004,PROFESSOR,2
PHY004,2025-12-20,FN,true,Prof_PHY_004,PROFESSOR,2
PHY004,2025-12-20,AN,true,Prof_PHY_004,PROFESSOR,2
PHY004,2025-12-22,FN,false,Prof_PHY_004,PROFESSOR,2
PHY004,2025-12-22,AN,true,Prof_PHY_004,PROFESSOR,2
PHY004,2025-11-25,FN,true,Prof_PHY_004,PROFESSOR,2
PHY004,2025-11-25,AN,true,Prof_PHY_004,PROFESSOR,2
PHY005,2025-12-08,FN,true,Prof_PHY_005,ASSOCIATE_PROFESSOR,2
PHY005,2025-12-08,AN,false,Prof_PHY_005,ASSOCIATE_PROFESSOR,2
PHY005,2025-12-09,FN,true,Prof_PHY_005,ASSOCIATE_PROFESSOR,2
PHY005,2025-12-09,AN,false,Prof_PHY_005,ASSOCIATE_PROFESSOR,2
PHY005,2025-12-10,FN,true,Prof_PHY_005,ASSOCIATE_PROFESSOR,2
PHY005,2025-12-10,AN,true,Prof_PHY_005,ASSOCIATE_PROFESSOR,2
PHY005,2025-12-11,FN,false,Prof_PHY_005,ASSOCIATE_PROFESSOR,2
PHY005,2025-12-11,AN,true,Prof_PHY_005,ASSOCIATE_PROFESSOR,2
PHY005,2025-12-12,FN,true,Prof_PHY_005,ASSOCIATE_PROFESSOR,2
PHY005,2025-12-12,AN,true,Prof_PHY_005,ASSOCIATE_PROFESSOR,2
PHY005,2025-12-13,FN,true,Prof_PHY_005,ASSOCIATE_PROFESSOR,2
PHY005,2025-12-13,AN,true,Prof_PHY_005,ASSOCIATE_PROFESSOR,2
PHY005,2025-12-15,FN,true,Prof_PHY_005,ASSOCIATE_PROFESSOR,2
PHY005,2025-12-15,AN,true,Prof_PHY_005,ASSOCIATE_PROFESSOR,2
PHY005,2025-12-16,FN,true,Prof_PHY_005,ASSOCIATE_PROFESSOR,2
PHY005,2025-12-16,AN,true,Prof_PHY_005,ASSOCIATE_PROFESSOR,2
PHY005,2025-12-17,FN,false,Prof_PHY_005,ASSOCIATE_PROFESSOR,2
PHY005,2025-12-17,AN,true,Prof_PHY_005,ASSOCIATE_PROFESSOR,2
PHY005,2025-12-18,FN,false,Prof_PHY_005,ASSOCIATE_PROFESSOR,2
PHY005,2025-12-18,AN,false,Prof_PHY_005,ASSOCIATE_PROFESSOR,2
PHY005,2025-12-19,FN,true,Prof_PHY_005,ASSOCIATE_PROFESSOR,2
PHY005,2025-12-19,AN,true,Prof_PHY_005,ASSOCIATE_PROFESSOR,2
PHY005,2025-12-20,FN,true,Prof_PHY_005,ASSOCIATE_PROFESSOR,2
PHY005,2025-12-20,AN,true,Prof_PHY_005,ASSOCIATE_PROFESSOR,2
PHY005,2025-12-22,FN,true,Prof_PHY_005,ASSOCIATE_PROFESSOR,2
PHY005,2025-12-22,AN,true,Prof_PHY_005,ASSOCIATE_PROFESSOR,2
PHY005,2025-11-25,FN,true,Prof_PHY_005,ASSOCIATE_PROFESSOR,2
PHY005,2025-11-25,AN,false,Prof_PHY_005,ASSOCIATE_PROFESSOR,2
PHY006,2025-12-08,FN,true,Prof_PHY_006,ASSISTANT_PROFESSOR,2
PHY006,2025-12-08,AN,false,Prof_PHY_006,ASSISTANT_PROFESSOR,2
PHY006,2025-12-09,FN,true,Prof_PHY_006,ASSISTANT_PROFESSOR,2
PHY006,2025-12-09,AN,true,Prof_PHY_006,ASSISTANT_PROFESSOR,2
PHY006,2025-12-10,FN,true,Prof_PHY_006,ASSISTANT_PROFESSOR,2
PHY006,2025-12-10,AN,true,Prof_PHY_006,ASSISTANT_PROFESSOR,2
PHY006,2025-12-11,FN,true,Prof_PHY_006,ASSISTANT_PROFESSOR,2
PHY006,2025-12-11,AN,true,Prof_PHY_006,ASSISTANT_PROFESSOR,2
PHY006,2025-12-12,FN,true,Prof_PHY_006,ASSISTANT_PROFESSOR,2
PHY006,2025-12-12,AN,false,Prof_PHY_006,ASSISTANT_PROFESSOR,2
PHY006,2025-12-13,FN,true,Prof_PHY_006,ASSISTANT_PROFESSOR,2
PHY006,2025-12-13,AN,true,Prof_PHY_006,ASSISTANT_PROFESSOR,2
PHY006,2025-12-15,FN,true,Prof_PHY_006,ASSISTANT_PROFESSOR,2
PHY006,2025-12-15,AN,true,Prof_PHY_006,ASSISTANT_PROFESSOR,2
PHY006,2025-12-16,FN,true,Prof_PHY_006,ASSISTANT_PROFESSOR,2
PHY006,2025-12-16,AN,true,Prof_PHY_006,ASSISTANT_PROFESSOR,2
PHY006,2025-12-17,FN,true,Prof_PHY_006,ASSISTANT_PROFESSOR,2
PHY006,2025-12-17,AN,true,Prof_PHY_006,ASSISTANT_PROFESSOR,2
PHY006,2025-12-18,FN,false,Prof_PHY_006,ASSISTANT_PROFESSOR,2
PHY006,2025-12-18,AN,true,Prof_PHY_006,ASSISTANT_PROFESSOR,2
PHY006,2025-12-19,FN,true,Prof_PHY_006,ASSISTANT_PROFESSOR,2
PHY006,2025-12-19,AN,true,Prof_PHY_006,ASSISTANT_PROFESSOR,2
PHY006,2025-12-20,FN,true,Prof_PHY_006,ASSISTANT_PROFESSOR,2
PHY006,2025-12-20,AN,true,Prof_PHY_006,ASSISTANT_PROFESSOR,2
PHY006,2025-12-22,FN,true,Prof_PHY_006,ASSISTANT_PROFESSOR,2
PHY006,2025-12-22,AN,true,Prof_PHY_006,ASSISTANT_PROFESSOR,2
PHY006,2025-11-25,FN,true,Prof_PHY_006,ASSISTANT_PROFESSOR,2
PHY006,2025-11-25,AN,true,Prof_PHY_006,ASSISTANT_PROFESSOR,2
SOC001,2025-12-08,FN,false,Prof_SOC_001,PROFESSOR,3
SOC001,2025-12-08,AN,true,Prof_SOC_001,PROFESSOR,3
SOC001,2025-12-09,FN,false,Prof_SOC_001,PROFESSOR,3
SOC001,2025-12-09,AN,false,Prof_SOC_001,PROFESSOR,3
SOC001,2025-12-10,FN,true,Prof_SOC_001,PROFESSOR,3
SOC001,2025-12-10,AN,true,Prof_SOC_001,PROFESSOR,3
SOC001,2025-12-11,FN,true,Prof_SOC_001,PROFESSOR,3
SOC001,2025-12-11,AN,false,Prof_SOC_001,PROFESSOR,3
SOC001,2025-12-12,FN,false,Prof_SOC_001,PROFESSOR,3
SOC001,2025-12-12,AN,false,Prof_SOC_001,PROFESSOR,3
SOC001,2025-12-13,FN,true,Prof_SOC_001,PROFESSOR,3
SOC001,2025-12-13,AN,true,Prof_SOC_001,PROFESSOR,3
SOC001,2025-12-15,FN,true,Prof_SOC_001,PROFESSOR,3
SOC001,2025-12-15,AN,true,Prof_SOC_001,PROFESSOR,3
SOC001,2025-12-16,FN,true,Prof_SOC_001,PROFESSOR,3
SOC001,2025-12-16,AN,true,Prof_SOC_001,PROFESSOR,3
SOC001,2025-12-17,FN,false,Prof_SOC_001,PROFESSOR,3
SOC001,2025-12-17,AN,true,Prof_SOC_001,PROFESSOR,3
SOC001,2025-12-18,FN,true,Prof_SOC_001,PROFESSOR,3
SOC001,2025-12-18,AN,false,Prof_SOC_001,PROFESSOR,3
SOC001,2025-12-19,FN,true,Prof_SOC_001,PROFESSOR,3
SOC001,2025-12-19,AN,true,Prof_SOC_001,PROFESSOR,3
SOC001,2025-12-20,FN,false,Prof_SOC_001,PROFESSOR,3
SOC001,2025-12-20,AN,true,Prof_SOC_001,PROFESSOR,3
SOC001,2025-12-22,FN,true,Prof_SOC_001,PROFESSOR,3
SOC001,2025-12-22,AN,true,Prof_SOC_001,PROFESSOR,3
SOC001,2025-11-25,FN,false,Prof_SOC_001,PROFESSOR,3
SOC001,2025-11-25,AN,true,Prof_SOC_001,PROFESSOR,3
SOC002,2025-12-08,FN,true,Prof_SOC_002,ASSOCIATE_PROFESSOR,3
SOC002,2025-12-08,AN,true,Prof_SOC_002,ASSOCIATE_PROFESSOR,3
SOC002,2025-12-09,FN,true,Prof_SOC_002,ASSOCIATE_PROFESSOR,3
SOC002,2025-12-09,AN,true,Prof_SOC_002,ASSOCIATE_PROFESSOR,3
SOC002,2025-12-10,FN,true,Prof_SOC_002,ASSOCIATE_PROFESSOR,3
SOC002,2025-12-10,AN,false,Prof_SOC_002,ASSOCIATE_PROFESSOR,3
SOC002,2025-12-11,FN,true,Prof_SOC_002,ASSOCIATE_PROFESSOR,3
SOC002,2025-12-11,AN,false,Prof_SOC_002,ASSOCIATE_PROFESSOR,3
SOC002,2025-12-12,FN,true,Prof_SOC_002,ASSOCIATE_PROFESSOR,3
SOC002,2025-12-12,AN,true,Prof_SOC_002,ASSOCIATE_PROFESSOR,3
SOC002,2025-12-13,FN,true,Prof_SOC_002,ASSOCIATE_PROFESSOR,3
SOC002,2025-12-13,AN,false,Prof_SOC_002,ASSOCIATE_PROFESSOR,3
SOC002,2025-12-15,FN,true,Prof_SOC_002,ASSOCIATE_PROFESSOR,3
SOC002,2025-12-15,AN,true,Prof_SOC_002,ASSOCIATE_PROFESSOR,3
SOC002,2025-12-16,FN,true,Prof_SOC_002,ASSOCIATE_PROFESSOR,3
SOC002,2025-12-16,AN,true,Prof_SOC_002,ASSOCIATE_PROFESSOR,3
SOC002,2025-12-17,FN,true,Prof_SOC_002,ASSOCIATE_PROFESSOR,3
SOC002,2025-12-17,AN,true,Prof_SOC_002,ASSOCIATE_PROFESSOR,3
SOC002,2025-12-18,FN,false,Prof_SOC_002,ASSOCIATE_PROFESSOR,3
SOC002,2025-12-18,AN,false,Prof_SOC_002,ASSOCIATE_PROFESSOR,3
SOC002,2025-12-19,FN,true,Prof_SOC_002,ASSOCIATE_PROFESSOR,3
SOC002,2025-12-19,AN,true,Prof_SOC_002,ASSOCIATE_PROFESSOR,3
SOC002,2025-12-20,FN,true,Prof_SOC_002,ASSOCIATE_PROFESSOR,3
SOC002,2025-12-20,AN,true,Prof_SOC_002,ASSOCIATE_PROFESSOR,3
SOC002,2025-12-22,FN,true,Prof_SOC_002,ASSOCIATE_PROFESSOR,3
SOC002,2025-12-22,AN,false,Prof_SOC_002,ASSOCIATE_PROFESSOR,3
SOC002,2025-11-25,FN,false,Prof_SOC_002,ASSOCIATE_PROFESSOR,3
SOC002,2025-11-25,AN,true,Prof_SOC_002,ASSOCIATE_PROFESSOR,3
SOC003,2025-12-08,FN,true,Prof_SOC_003,ASSISTANT_PROFESSOR,3
SOC003,2025-12-08,AN,false,Prof_SOC_003,ASSISTANT_PROFESSOR,3
SOC003,2025-12-09,FN,true,Prof_SOC_003,ASSISTANT_PROFESSOR,3
SOC003,2025-12-09,AN,false,Prof_SOC_003,ASSISTANT_PROFESSOR,3
SOC003,2025-12-10,FN,true,Prof_SOC_003,ASSISTANT_PROFESSOR,3
SOC003,2025-12-10,AN,true,Prof_SOC_003,ASSISTANT_PROFESSOR,3
SOC003,2025-12-11,FN,true,Prof_SOC_003,ASSISTANT_PROFESSOR,3
SOC003,2025-12-11,AN,false,Prof_SOC_003,ASSISTANT_PROFESSOR,3
SOC003,2025-12-12,FN,true,Prof_SOC_003,ASSISTANT_PROFESSOR,3
SOC003,2025-12-12,AN,true,Prof_SOC_003,ASSISTANT_PROFESSOR,3
SOC003,2025-12-13,FN,true,Prof_SOC_003,ASSISTANT_PROFESSOR,3
SOC003,2025-12-13,AN,true,Prof_SOC_003,ASSISTANT_PROFESSOR,3
SOC003,2025-12-15,FN,true,Prof_SOC_003,ASSISTANT_PROFESSOR,3
SOC003,2025-12-15,AN,false,Prof_SOC_003,ASSISTANT_PROFESSOR,3
SOC003,2025-12-16,FN,true,Prof_SOC_003,ASSISTANT_PROFESSOR,3
SOC003,2025-12-16,AN,true,Prof_SOC_003,ASSISTANT_PROFESSOR,3
SOC003,2025-12-17,FN,true,Prof_SOC_003,ASSISTANT_PROFESSOR,3
SOC003,2025-12-17,AN,true,Prof_SOC_003,ASSISTANT_PROFESSOR,3
SOC003,2025-12-18,FN,false,Prof_SOC_003,ASSISTANT_PROFESSOR,3
SOC003,2025-12-18,AN,true,Prof_SOC_003,ASSISTANT_PROFESSOR,3
SOC003,2025-12-19,FN,true,Prof_SOC_003,ASSISTANT_PROFESSOR,3
SOC003,2025-12-19,AN,true,Prof_SOC_003,ASSISTANT_PROFESSOR,3
SOC003,2025-12-20,FN,true,Prof_SOC_003,ASSISTANT_PROFESSOR,3
SOC003,2025-12-20,AN,true,Prof_SOC_003,ASSISTANT_PROFESSOR,3
SOC003,2025-12-22,FN,true,Prof_SOC_003,ASSISTANT_PROFESSOR,3
SOC003,2025-12-22,AN,true,Prof_SOC_003,ASSISTANT_PROFESSOR,3
SOC003,2025-11-25,FN,true,Prof_SOC_003,ASSISTANT_PROFESSOR,3
SOC003,2025-11-25,AN,true,Prof_SOC_003,ASSISTANT_PROFESSOR,3
SOC004,2025-12-08,FN,false,Prof_SOC_004,PROFESSOR,3
SOC004,2025-12-08,AN,true,Prof_SOC_004,PROFESSOR,3
SOC004,2025-12-09,FN,true,Prof_SOC_004,PROFESSOR,3
SOC004,2025-12-09,AN,true,Prof_SOC_004,PROFESSOR,3
SOC004,2025-12-10,FN,false,Prof_SOC_004,PROFESSOR,3
SOC004,2025-12-10,AN,false,Prof_SOC_004,PROFESSOR,3
SOC004,2025-12-11,FN,true,Prof_SOC_004,PROFESSOR,3
SOC004,2025-12-11,AN,false,Prof_SOC_004,PROFESSOR,3
SOC004,2025-12-12,FN,true,Prof_SOC_004,PROFESSOR,3
SOC004,2025-12-12,AN,false,Prof_SOC_004,PROFESSOR,3
SOC004,2025-12-13,FN,true,Prof_SOC_004,PROFESSOR,3
SOC004,2025-12-13,AN,true,Prof_SOC_004,PROFESSOR,3
SOC004,2025-12-15,FN,false,Prof_SOC_004,PROFESSOR,3
SOC004,2025-12-15,AN,true,Prof_SOC_004,PROFESSOR,3
SOC004,2025-12-16,FN,true,Prof_SOC_004,PROFESSOR,3
SOC004,2025-12-16,AN,true,Prof_SOC_004,PROFESSOR,3
SOC004,2025-12-17,FN,true,Prof_SOC_004,PROFESSOR,3
SOC004,2025-12-17,AN,true,Prof_SOC_004,PROFESSOR,3
SOC004,2025-12-18,FN,true,Prof_SOC_004,PROFESSOR,3
SOC004,2025-12-18,AN,true,Prof_SOC_004,PROFESSOR,3
SOC004,2025-12-19,FN,true,Prof_SOC_004,PROFESSOR,3
SOC004,2025-12-19,AN,true,Prof_SOC_004,PROFESSOR,3
SOC004,2025-12-20,FN,true,Prof_SOC_004,PROFESSOR,3
SOC004,2025-12-20,AN,true,Prof_SOC_004,PROFESSOR,3
SOC004,2025-12-22,FN,true,Prof_SOC_004,PROFESSOR,3
SOC004,2025-12-22,AN,true,Prof_SOC_004,PROFESSOR,3
SOC004,2025-11-25,FN,false,Prof_SOC_004,PROFESSOR,3
SOC004,2025-11-25,AN,false,Prof_SOC_004,PROFESSOR,3
SOC005,2025-12-08,FN,true,Prof_SOC_005,ASSOCIATE_PROFESSOR,3
SOC005,2025-12-08,AN,true,Prof_SOC_005,ASSOCIATE_PROFESSOR,3
SOC005,2025-12-09,FN,false,Prof_SOC_005,ASSOCIATE_PROFESSOR,3
SOC005,2025-12-09,AN,true,Prof_SOC_005,ASSOCIATE_PROFESSOR,3
SOC005,2025-12-10,FN,true,Prof_SOC_005,ASSOCIATE_PROFESSOR,3
SOC005,2025-12-10,AN,true,Prof_SOC_005,ASSOCIATE_PROFESSOR,3
SOC005,2025-12-11,FN,true,Prof_SOC_005,ASSOCIATE_PROFESSOR,3
SOC005,2025-12-11,AN,true,Prof_SOC_005,ASSOCIATE_PROFESSOR,3
SOC005,2025-12-12,FN,true,Prof_SOC_005,ASSOCIATE_PROFESSOR,3
SOC005,2025-12-12,AN,true,Prof_SOC_005,ASSOCIATE_PROFESSOR,3
SOC005,2025-12-13,FN,true,Prof_SOC_005,ASSOCIATE_PROFESSOR,3
SOC005,2025-12-13,AN,false,Prof_SOC_005,ASSOCIATE_PROFESSOR,3
SOC005,2025-12-15,FN,true,Prof_SOC_005,ASSOCIATE_PROFESSOR,3
SOC005,2025-12-15,AN,true,Prof_SOC_005,ASSOCIATE_PROFESSOR,3
SOC005,2025-12-16,FN,false,Prof_SOC_005,ASSOCIATE_PROFESSOR,3
SOC005,2025-12-16,AN,true,Prof_SOC_005,ASSOCIATE_PROFESSOR,3
SOC005,2025-12-17,FN,true,Prof_SOC_005,ASSOCIATE_PROFESSOR,3
SOC005,2025-12-17,AN,true,Prof_SOC_005,ASSOCIATE_PROFESSOR,3
SOC005,2025-12-18,FN,true,Prof_SOC_005,ASSOCIATE_PROFESSOR,3
SOC005,2025-12-18,AN,true,Prof_SOC_005,ASSOCIATE_PROFESSOR,3
SOC005,2025-12-19,FN,true,Prof_SOC_005,ASSOCIATE_PROFESSOR,3
SOC005,2025-12-19,AN,true,Prof_SOC_005,ASSOCIATE_PROFESSOR,3
SOC005,2025-12-20,FN,true,Prof_SOC_005,ASSOCIATE_PROFESSOR,3
SOC005,2025-12-20,AN,false,Prof_SOC_005,ASSOCIATE_PROFESSOR,3
SOC005,2025-12-22,FN,true,Prof_SOC_005,ASSOCIATE_PROFESSOR,3
SOC005,2025-12-22,AN,true,Prof_SOC_005,ASSOCIATE_PROFESSOR,3
SOC005,2025-11-25,FN,true,Prof_SOC_005,ASSOCIATE_PROFESSOR,3
SOC005,2025-11-25,AN,true,Prof_SOC_005,ASSOCIATE_PROFESSOR,3
SOC006,2025-12-08,FN,true,Prof_SOC_006,ASSISTANT_PROFESSOR,3
SOC006,2025-12-08,AN,true,Prof_SOC_006,ASSISTANT_PROFESSOR,3
SOC006,2025-12-09,FN,false,Prof_SOC_006,ASSISTANT_PROFESSOR,3
SOC006,2025-12-09,AN,true,Prof_SOC_006,ASSISTANT_PROFESSOR,3
SOC006,2025-12-10,FN,true,Prof_SOC_006,ASSISTANT_PROFESSOR,3
SOC006,2025-12-10,AN,true,Prof_SOC_006,ASSISTANT_PROFESSOR,3
SOC006,2025-12-11,FN,false,Prof_SOC_006,ASSISTANT_PROFESSOR,3
SOC006,2025-12-11,AN,false,Prof_SOC_006,ASSISTANT_PROFESSOR,3
SOC006,2025-12-12,FN,true,Prof_SOC_006,ASSISTANT_PROFESSOR,3
SOC006,2025-12-12,AN,false,Prof_SOC_006,ASSISTANT_PROFESSOR,3
SOC006,2025-12-13,FN,true,Prof_SOC_006,ASSISTANT_PROFESSOR,3
SOC006,2025-12-13,AN,false,Prof_SOC_006,ASSISTANT_PROFESSOR,3
SOC006,2025-12-15,FN,true,Prof_SOC_006,ASSISTANT_PROFESSOR,3
SOC006,2025-12-15,AN,true,Prof_SOC_006,ASSISTANT_PROFESSOR,3
SOC006,2025-12-16,FN,true,Prof_SOC_006,ASSISTANT_PROFESSOR,3
SOC006,2025-12-16,AN,false,Prof_SOC_006,ASSISTANT_PROFESSOR,3
SOC006,2025-12-17,FN,true,Prof_SOC_006,ASSISTANT_PROFESSOR,3
SOC006,2025-12-17,AN,true,Prof_SOC_006,ASSISTANT_PROFESSOR,3
SOC006,2025-12-18,FN,true,Prof_SOC_006,ASSISTANT_PROFESSOR,3
SOC006,2025-12-18,AN,true,Prof_SOC_006,ASSISTANT_PROFESSOR,3
SOC006,2025-12-19,FN,false,Prof_SOC_006,ASSISTANT_PROFESSOR,3
SOC006,2025-12-19,AN,true,Prof_SOC_006,ASSISTANT_PROFESSOR,3
SOC006,2025-12-20,FN,true,Prof_SOC_006,ASSISTANT_PROFESSOR,3
SOC006,2025-12-20,AN,true,Prof_SOC_006,ASSISTANT_PROFESSOR,3
SOC006,2025-12-22,FN,true,Prof_SOC_006,ASSISTANT_PROFESSOR,3
SOC006,2025-12-22,AN,true,Prof_SOC_006,ASSISTANT_PROFESSOR,3
SOC006,2025-11-25,FN,true,Prof_SOC_006,ASSISTANT_PROFESSOR,3
SOC006,2025-11-25,AN,true,Prof_SOC_006,ASSISTANT_PROFESSOR,3
NSS001,2025-12-08,FN,true,Prof_NSS_001,PROFESSOR,4
NSS001,2025-12-08,AN,true,Prof_NSS_001,PROFESSOR,4
NSS001,2025-12-09,FN,true,Prof_NSS_001,PROFESSOR,4
NSS001,2025-12-09,AN,true,Prof_NSS_001,PROFESSOR,4
NSS001,2025-12-10,FN,false,Prof_NSS_001,PROFESSOR,4
NSS001,2025-12-10,AN,true,Prof_NSS_001,PROFESSOR,4
NSS001,2025-12-11,FN,false,Prof_NSS_001,PROFESSOR,4
NSS001,2025-12-11,AN,true,Prof_NSS_001,PROFESSOR,4
NSS001,2025-12-12,FN,true,Prof_NSS_001,PROFESSOR,4
NSS001,2025-12-12,AN,true,Prof_NSS_001,PROFESSOR,4
NSS001,2025-12-13,FN,true,Prof_NSS_001,PROFESSOR,4
NSS001,2025-12-13,AN,true,Prof_NSS_001,PROFESSOR,4
NSS001,2025-12-15,FN,true,Prof_NSS_001,PROFESSOR,4
NSS001,2025-12-15,AN,true,Prof_NSS_001,PROFESSOR,4
NSS001,2025-12-16,FN,true,Prof_NSS_001,PROFESSOR,4
NSS001,2025-12-16,AN,false,Prof_NSS_001,PROFESSOR,4
NSS001,2025-12-17,FN,false,Prof_NSS_001,PROFESSOR,4
NSS001,2025-12-17,AN,true,Prof_NSS_001,PROFESSOR,4
NSS001,2025-12-18,FN,false,Prof_NSS_001,PROFESSOR,4
NSS001,2025-12-18,AN,true,Prof_NSS_001,PROFESSOR,4
NSS001,2025-12-19,FN,true,Prof_NSS_001,PROFESSOR,4
NSS001,2025-12-19,AN,true,Prof_NSS_001,PROFESSOR,4
NSS001,2025-12-20,FN,false,Prof_NSS_001,PROFESSOR,4
NSS001,2025-12-20,AN,true,Prof_NSS_001,PROFESSOR,4
NSS001,2025-12-22,FN,true,Prof_NSS_001,PROFESSOR,4
NSS001,2025-12-22,AN,true,Prof_NSS_001,PROFESSOR,4
NSS001,2025-11-25,FN,true,Prof_NSS_001,PROFESSOR,4
NSS001,2025-11-25,AN,true,Prof_NSS_001,PROFESSOR,4
NSS002,2025-12-08,FN,true,Prof_NSS_002,ASSOCIATE_PROFESSOR,4
NSS002,2025-12-08,AN,true,Prof_NSS_002,ASSOCIATE_PROFESSOR,4
NSS002,2025-12-09,FN,true,Prof_NSS_002,ASSOCIATE_PROFESSOR,4
NSS002,2025-12-09,AN,true,Prof_NSS_002,ASSOCIATE_PROFESSOR,4
NSS002,2025-12-10,FN,true,Prof_NSS_002,ASSOCIATE_PROFESSOR,4
NSS002,2025-12-10,AN,true,Prof_NSS_002,ASSOCIATE_PROFESSOR,4
NSS002,2025-12-11,FN,true,Prof_NSS_002,ASSOCIATE_PROFESSOR,4
NSS002,2025-12-11,AN,true,Prof_NSS_002,ASSOCIATE_PROFESSOR,4
NSS002,2025-12-12,FN,true,Prof_NSS_002,ASSOCIATE_PROFESSOR,4
NSS002,2025-12-12,AN,true,Prof_NSS_002,ASSOCIATE_PROFESSOR,4
NSS002,2025-12-13,FN,false,Prof_NSS_002,ASSOCIATE_PROFESSOR,4
NSS002,2025-12-13,AN,true,Prof_NSS_002,ASSOCIATE_PROFESSOR,4
NSS002,2025-12-15,FN,true,Prof_NSS_002,ASSOCIATE_PROFESSOR,4
NSS002,2025-12-15,AN,true,Prof_NSS_002,ASSOCIATE_PROFESSOR,4
NSS002,2025-12-16,FN,false,Prof_NSS_002,ASSOCIATE_PROFESSOR,4
NSS002,2025-12-16,AN,true,Prof_NSS_002,ASSOCIATE_PROFESSOR,4
NSS002,2025-12-17,FN,true,Prof_NSS_002,ASSOCIATE_PROFESSOR,4
NSS002,2025-12-17,AN,true,Prof_NSS_002,ASSOCIATE_PROFESSOR,4
NSS002,2025-12-18,FN,true,Prof_NSS_002,ASSOCIATE_PROFESSOR,4
NSS002,2025-12-18,AN,true,Prof_NSS_002,ASSOCIATE_PROFESSOR,4
NSS002,2025-12-19,FN,true,Prof_NSS_002,ASSOCIATE_PROFESSOR,4
NSS002,2025-12-19,AN,true,Prof_NSS_002,ASSOCIATE_PROFESSOR,4
NSS002,2025-12-20,FN,false,Prof_NSS_002,ASSOCIATE_PROFESSOR,4
NSS002,2025-12-20,AN,true,Prof_NSS_002,ASSOCIATE_PROFESSOR,4
NSS002,2025-12-22,FN,true,Prof_NSS_002,ASSOCIATE_PROFESSOR,4
NSS002,2025-12-22,AN,true,Prof_NSS_002,ASSOCIATE_PROFESSOR,4
NSS002,2025-11-25,FN,true,Prof_NSS_002,ASSOCIATE_PROFESSOR,4
NSS002,2025-11-25,AN,true,Prof_NSS_002,ASSOCIATE_PROFESSOR,4
NSS003,2025-12-08,FN,true,Prof_NSS_003,ASSISTANT_PROFESSOR,4
NSS003,2025-12-08,AN,true,Prof_NSS_003,ASSISTANT_PROFESSOR,4
NSS003,2025-12-09,FN,false,Prof_NSS_003,ASSISTANT_PROFESSOR,4
NSS003,2025-12-09,AN,false,Prof_NSS_003,ASSISTANT_PROFESSOR,4
NSS003,2025-12-10,FN,true,Prof_NSS_003,ASSISTANT_PROFESSOR,4
NSS003,2025-12-10,AN,true,Prof_NSS_003,ASSISTANT_PROFESSOR,4
NSS003,2025-12-11,FN,true,Prof_NSS_003,ASSISTANT_PROFESSOR,4
NSS003,2025-12-11,AN,true,Prof_NSS_003,ASSISTANT_PROFESSOR,4
NSS003,2025-12-12,FN,true,Prof_NSS_003,ASSISTANT_PROFESSOR,4
NSS003,2025-12-12,AN,true,Prof_NSS_003,ASSISTANT_PROFESSOR,4
NSS003,2025-12-13,FN,true,Prof_NSS_003,ASSISTANT_PROFESSOR,4
NSS003,2025-12-13,AN,true,Prof_NSS_003,ASSISTANT_PROFESSOR,4
NSS003,2025-12-15,FN,true,Prof_NSS_003,ASSISTANT_PROFESSOR,4
NSS003,2025-12-15,AN,false,Prof_NSS_003,ASSISTANT_PROFESSOR,4
NSS003,2025-12-16,FN,true,Prof_NSS_003,ASSISTANT_PROFESSOR,4
NSS003,2025-12-16,AN,false,Prof_NSS_003,ASSISTANT_PROFESSOR,4
NSS003,2025-12-17,FN,true,Prof_NSS_003,ASSISTANT_PROFESSOR,4
NSS003,2025-12-17,AN,true,Prof_NSS_003,ASSISTANT_PROFESSOR,4
NSS003,2025-12-18,FN,true,Prof_NSS_003,ASSISTANT_PROFESSOR,4
NSS003,2025-12-18,AN,true,Prof_NSS_003,ASSISTANT_PROFESSOR,4
NSS003,2025-12-19,FN,true,Prof_NSS_003,ASSISTANT_PROFESSOR,4
NSS003,2025-12-19,AN,false,Prof_NSS_003,ASSISTANT_PROFESSOR,4
NSS003,2025-12-20,FN,false,Prof_NSS_003,ASSISTANT_PROFESSOR,4
NSS003,2025-12-20,AN,false,Prof_NSS_003,ASSISTANT_PROFESSOR,4
NSS003,2025-12-22,FN,true,Prof_NSS_003,ASSISTANT_PROFESSOR,4
NSS003,2025-12-22,AN,true,Prof_NSS_003,ASSISTANT_PROFESSOR,4
NSS003,2025-11-25,FN,true,Prof_NSS_003,ASSISTANT_PROFESSOR,4
NSS003,2025-11-25,AN,true,Prof_NSS_003,ASSISTANT_PROFESSOR,4
NSS004,2025-12-08,FN,true,Prof_NSS_004,PROFESSOR,4
NSS004,2025-12-08,AN,true,Prof_NSS_004,PROFESSOR,4
NSS004,2025-12-09,FN,true,Prof_NSS_004,PROFESSOR,4
NSS004,2025-12-09,AN,false,Prof_NSS_004,PROFESSOR,4
NSS004,2025-12-10,FN,true,Prof_NSS_004,PROFESSOR,4
NSS004,2025-12-10,AN,true,Prof_NSS_004,PROFESSOR,4
NSS004,2025-12-11,FN,true,Prof_NSS_004,PROFESSOR,4
NSS004,2025-12-11,AN,false,Prof_NSS_004,PROFESSOR,4
NSS004,2025-12-12,FN,true,Prof_NSS_004,PROFESSOR,4
NSS004,2025-12-12,AN,false,Prof_NSS_004,PROFESSOR,4
NSS004,2025-12-13,FN,true,Prof_NSS_004,PROFESSOR,4
NSS004,2025-12-13,AN,true,Prof_NSS_004,PROFESSOR,4
NSS004,2025-12-15,FN,false,Prof_NSS_004,PROFESSOR,4
NSS004,2025-12-15,AN,true,Prof_NSS_004,PROFESSOR,4
NSS004,2025-12-16,FN,true,Prof_NSS_004,PROFESSOR,4
NSS004,2025-12-16,AN,true,Prof_NSS_004,PROFESSOR,4
NSS004,2025-12-17,FN,false,Prof_NSS_004,PROFESSOR,4
NSS004,2025-12-17,AN,true,Prof_NSS_004,PROFESSOR,4
NSS004,2025-12-18,FN,false,Prof_NSS_004,PROFESSOR,4
NSS004,2025-12-18,AN,true,Prof_NSS_004,PROFESSOR,4
NSS004,2025-12-19,FN,true,Prof_NSS_004,PROFESSOR,4
NSS004,2025-12-19,AN,true,Prof_NSS_004,PROFESSOR,4
NSS004,2025-12-20,FN,true,Prof_NSS_004,PROFESSOR,4
NSS004,2025-12-20,AN,false,Prof_NSS_004,PROFESSOR,4
NSS004,2025-12-22,FN,true,Prof_NSS_004,PROFESSOR,4
NSS004,2025-12-22,AN,true,Prof_NSS_004,PROFESSOR,4
NSS004,2025-11-25,FN,false,Prof_NSS_004,PROFESSOR,4
NSS004,2025-11-25,AN,true,Prof_NSS_004,PROFESSOR,4
NSS005,2025-12-08,FN,false,Prof_NSS_005,ASSOCIATE_PROFESSOR,4
NSS005,2025-12-08,AN,false,Prof_NSS_005,ASSOCIATE_PROFESSOR,4
NSS005,2025-12-09,FN,true,Prof_NSS_005,ASSOCIATE_PROFESSOR,4
NSS005,2025-12-09,AN,true,Prof_NSS_005,ASSOCIATE_PROFESSOR,4
NSS005,2025-12-10,FN,true,Prof_NSS_005,ASSOCIATE_PROFESSOR,4
NSS005,2025-12-10,AN,false,Prof_NSS_005,ASSOCIATE_PROFESSOR,4
NSS005,2025-12-11,FN,true,Prof_NSS_005,ASSOCIATE_PROFESSOR,4
NSS005,2025-12-11,AN,false,Prof_NSS_005,ASSOCIATE_PROFESSOR,4
NSS005,2025-12-12,FN,true,Prof_NSS_005,ASSOCIATE_PROFESSOR,4
NSS005,2025-12-12,AN,false,Prof_NSS_005,ASSOCIATE_PROFESSOR,4
NSS005,2025-12-13,FN,true,Prof_NSS_005,ASSOCIATE_PROFESSOR,4
NSS005,2025-12-13,AN,true,Prof_NSS_005,ASSOCIATE_PROFESSOR,4
NSS005,2025-12-15,FN,true,Prof_NSS_005,ASSOCIATE_PROFESSOR,4
NSS005,2025-12-15,AN,true,Prof_NSS_005,ASSOCIATE_PROFESSOR,4
NSS005,2025-12-16,FN,true,Prof_NSS_005,ASSOCIATE_PROFESSOR,4
NSS005,2025-12-16,AN,true,Prof_NSS_005,ASSOCIATE_PROFESSOR,4
NSS005,2025-12-17,FN,true,Prof_NSS_005,ASSOCIATE_PROFESSOR,4
NSS005,2025-12-17,AN,true,Prof_NSS_005,ASSOCIATE_PROFESSOR,4
NSS005,2025-12-18,FN,true,Prof_NSS_005,ASSOCIATE_PROFESSOR,4
NSS005,2025-12-18,AN,true,Prof_NSS_005,ASSOCIATE_PROFESSOR,4
NSS005,2025-12-19,FN,true,Prof_NSS_005,ASSOCIATE_PROFESSOR,4
NSS005,2025-12-19,AN,true,Prof_NSS_005,ASSOCIATE_PROFESSOR,4
NSS005,2025-12-20,FN,true,Prof_NSS_005,ASSOCIATE_PROFESSOR,4
NSS005,2025-12-20,AN,true,Prof_NSS_005,ASSOCIATE_PROFESSOR,4
NSS005,2025-12-22,FN,true,Prof_NSS_005,ASSOCIATE_PROFESSOR,4
NSS005,2025-12-22,AN,false,Prof_NSS_005,ASSOCIATE_PROFESSOR,4
NSS005,2025-11-25,FN,true,Prof_NSS_005,ASSOCIATE_PROFESSOR,4
NSS005,2025-11-25,AN,true,Prof_NSS_005,ASSOCIATE_PROFESSOR,4
NSS006,2025-12-08,FN,true,Prof_NSS_006,ASSISTANT_PROFESSOR,4
NSS006,2025-12-08,AN,true,Prof_NSS_006,ASSISTANT_PROFESSOR,4
NSS006,2025-12-09,FN,true,Prof_NSS_006,ASSISTANT_PROFESSOR,4
NSS006,2025-12-09,AN,true,Prof_NSS_006,ASSISTANT_PROFESSOR,4
NSS006,2025-12-10,FN,true,Prof_NSS_006,ASSISTANT_PROFESSOR,4
NSS006,2025-12-10,AN,true,Prof_NSS_006,ASSISTANT_PROFESSOR,4
NSS006,2025-12-11,FN,true,Prof_NSS_006,ASSISTANT_PROFESSOR,4
NSS006,2025-12-11,AN,false,Prof_NSS_006,ASSISTANT_PROFESSOR,4
NSS006,2025-12-12,FN,false,Prof_NSS_006,ASSISTANT_PROFESSOR,4
NSS006,2025-12-12,AN,true,Prof_NSS_006,ASSISTANT_PROFESSOR,4
NSS006,2025-12-13,FN,true,Prof_NSS_006,ASSISTANT_PROFESSOR,4
NSS006,2025-12-13,AN,true,Prof_NSS_006,ASSISTANT_PROFESSOR,4
NSS006,2025-12-15,FN,false,Prof_NSS_006,ASSISTANT_PROFESSOR,4
NSS006,2025-12-15,AN,true,Prof_NSS_006,ASSISTANT_PROFESSOR,4
NSS006,2025-12-16,FN,true,Prof_NSS_006,ASSISTANT_PROFESSOR,4
NSS006,2025-12-16,AN,true,Prof_NSS_006,ASSISTANT_PROFESSOR,4
NSS006,2025-12-17,FN,true,Prof_NSS_006,ASSISTANT_PROFESSOR,4
NSS006,2025-12-17,AN,true,Prof_NSS_006,ASSISTANT_PROFESSOR,4
NSS006,2025-12-18,FN,true,Prof_NSS_006,ASSISTANT_PROFESSOR,4
NSS006,2025-12-18,AN,true,Prof_NSS_006,ASSISTANT_PROFESSOR,4
NSS006,2025-12-19,FN,true,Prof_NSS_006,ASSISTANT_PROFESSOR,4
NSS006,2025-12-19,AN,true,Prof_NSS_006,ASSISTANT_PROFESSOR,4
NSS006,2025-12-20,FN,false,Prof_NSS_006,ASSISTANT_PROFESSOR,4
NSS006,2025-12-20,AN,true,Prof_NSS_006,ASSISTANT_PROFESSOR,4
NSS006,2025-12-22,FN,true,Prof_NSS_006,ASSISTANT_PROFESSOR,4
NSS006,2025-12-22,AN,true,Prof_NSS_006,ASSISTANT_PROFESSOR,4
NSS006,2025-11-25,FN,true,Prof_NSS_006,ASSISTANT_PROFESSOR,4
NSS006,2025-11-25,AN,true,Prof_NSS_006,ASSISTANT_PROFESSOR,4
JMC001,2025-12-08,FN,false,Prof_JMC_001,PROFESSOR,5
JMC001,2025-12-08,AN,true,Prof_JMC_001,PROFESSOR,5
JMC001,2025-12-09,FN,true,Prof_JMC_001,PROFESSOR,5
JMC001,2025-12-09,AN,false,Prof_JMC_001,PROFESSOR,5
JMC001,2025-12-10,FN,false,Prof_JMC_001,PROFESSOR,5
JMC001,2025-12-10,AN,true,Prof_JMC_001,PROFESSOR,5
JMC001,2025-12-11,FN,true,Prof_JMC_001,PROFESSOR,5
JMC001,2025-12-11,AN,true,Prof_JMC_001,PROFESSOR,5
JMC001,2025-12-12,FN,true,Prof_JMC_001,PROFESSOR,5
JMC001,2025-12-12,AN,true,Prof_JMC_001,PROFESSOR,5
JMC001,2025-12-13,FN,true,Prof_JMC_001,PROFESSOR,5
JMC001,2025-12-13,AN,true,Prof_JMC_001,PROFESSOR,5
JMC001,2025-12-15,FN,true,Prof_JMC_001,PROFESSOR,5
JMC001,2025-12-15,AN,true,Prof_JMC_001,PROFESSOR,5
JMC001,2025-12-16,FN,true,Prof_JMC_001,PROFESSOR,5
JMC001,2025-12-16,AN,false,Prof_JMC_001,PROFESSOR,5
JMC001,2025-12-17,FN,true,Prof_JMC_001,PROFESSOR,5
JMC001,2025-12-17,AN,true,Prof_JMC_001,PROFESSOR,5
JMC001,2025-12-18,FN,false,Prof_JMC_001,PROFESSOR,5
JMC001,2025-12-18,AN,true,Prof_JMC_001,PROFESSOR,5
JMC001,2025-12-19,FN,true,Prof_JMC_001,PROFESSOR,5
JMC001,2025-12-19,AN,true,Prof_JMC_001,PROFESSOR,5
JMC001,2025-12-20,FN,true,Prof_JMC_001,PROFESSOR,5
JMC001,2025-12-20,AN,false,Prof_JMC_001,PROFESSOR,5
JMC001,2025-12-22,FN,false,Prof_JMC_001,PROFESSOR,5
JMC001,2025-12-22,AN,true,Prof_JMC_001,PROFESSOR,5
JMC001,2025-11-25,FN,true,Prof_JMC_001,PROFESSOR,5
JMC001,2025-11-25,AN,true,Prof_JMC_001,PROFESSOR,5
JMC002,2025-12-08,FN,true,Prof_JMC_002,ASSOCIATE_PROFESSOR,5
JMC002,2025-12-08,AN,false,Prof_JMC_002,ASSOCIATE_PROFESSOR,5
JMC002,2025-12-09,FN,false,Prof_JMC_002,ASSOCIATE_PROFESSOR,5
JMC002,2025-12-09,AN,true,Prof_JMC_002,ASSOCIATE_PROFESSOR,5
JMC002,2025-12-10,FN,true,Prof_JMC_002,ASSOCIATE_PROFESSOR,5
JMC002,2025-12-10,AN,true,Prof_JMC_002,ASSOCIATE_PROFESSOR,5
JMC002,2025-12-11,FN,true,Prof_JMC_002,ASSOCIATE_PROFESSOR,5
JMC002,2025-12-11,AN,true,Prof_JMC_002,ASSOCIATE_PROFESSOR,5
JMC002,2025-12-12,FN,true,Prof_JMC_002,ASSOCIATE_PROFESSOR,5
JMC002,2025-12-12,AN,true,Prof_JMC_002,ASSOCIATE_PROFESSOR,5
JMC002,2025-12-13,FN,false,Prof_JMC_002,ASSOCIATE_PROFESSOR,5
JMC002,2025-12-13,AN,true,Prof_JMC_002,ASSOCIATE_PROFESSOR,5
JMC002,2025-12-15,FN,true,Prof_JMC_002,ASSOCIATE_PROFESSOR,5
JMC002,2025-12-15,AN,true,Prof_JMC_002,ASSOCIATE_PROFESSOR,5
JMC002,2025-12-16,FN,true,Prof_JMC_002,ASSOCIATE_PROFESSOR,5
JMC002,2025-12-16,AN,true,Prof_JMC_002,ASSOCIATE_PROFESSOR,5
JMC002,2025-12-17,FN,true,Prof_JMC_002,ASSOCIATE_PROFESSOR,5
JMC002,2025-12-17,AN,true,Prof_JMC_002,ASSOCIATE_PROFESSOR,5
JMC002,2025-12-18,FN,true,Prof_JMC_002,ASSOCIATE_PROFESSOR,5
JMC002,2025-12-18,AN,true,Prof_JMC_002,ASSOCIATE_PROFESSOR,5
JMC002,2025-12-19,FN,true,Prof_JMC_002,ASSOCIATE_PROFESSOR,5
JMC002,2025-12-19,AN,true,Prof_JMC_002,ASSOCIATE_PROFESSOR,5
JMC002,2025-12-20,FN,false,Prof_JMC_002,ASSOCIATE_PROFESSOR,5
JMC002,2025-12-20,AN,false,Prof_JMC_002,ASSOCIATE_PROFESSOR,5
JMC002,2025-12-22,FN,false,Prof_JMC_002,ASSOCIATE_PROFESSOR,5
JMC002,2025-12-22,AN,true,Prof_JMC_002,ASSOCIATE_PROFESSOR,5
JMC002,2025-11-25,FN,false,Prof_JMC_002,ASSOCIATE_PROFESSOR,5
JMC002,2025-11-25,AN,true,Prof_JMC_002,ASSOCIATE_PROFESSOR,5
JMC003,2025-12-08,FN,true,Prof_JMC_003,ASSISTANT_PROFESSOR,5
JMC003,2025-12-08,AN,true,Prof_JMC_003,ASSISTANT_PROFESSOR,5
JMC003,2025-12-09,FN,false,Prof_JMC_003,ASSISTANT_PROFESSOR,5
JMC003,2025-12-09,AN,false,Prof_JMC_003,ASSISTANT_PROFESSOR,5
JMC003,2025-12-10,FN,true,Prof_JMC_003,ASSISTANT_PROFESSOR,5
JMC003,2025-12-10,AN,true,Prof_JMC_003,ASSISTANT_PROFESSOR,5
JMC003,2025-12-11,FN,true,Prof_JMC_003,ASSISTANT_PROFESSOR,5
JMC003,2025-12-11,AN,false,Prof_JMC_003,ASSISTANT_PROFESSOR,5
JMC003,2025-12-12,FN,false,Prof_JMC_003,ASSISTANT_PROFESSOR,5
JMC003,2025-12-12,AN,false,Prof_JMC_003,ASSISTANT_PROFESSOR,5
JMC003,2025-12-13,FN,true,Prof_JMC_003,ASSISTANT_PROFESSOR,5
JMC003,2025-12-13,AN,true,Prof_JMC_003,ASSISTANT_PROFESSOR,5
JMC003,2025-12-15,FN,true,Prof_JMC_003,ASSISTANT_PROFESSOR,5
JMC003,2025-12-15,AN,true,Prof_JMC_003,ASSISTANT_PROFESSOR,5
JMC003,2025-12-16,FN,true,Prof_JMC_003,ASSISTANT_PROFESSOR,5
JMC003,2025-12-16,AN,false,Prof_JMC_003,ASSISTANT_PROFESSOR,5
JMC003,2025-12-17,FN,true,Prof_JMC_003,ASSISTANT_PROFESSOR,5
JMC003,2025-12-17,AN,false,Prof_JMC_003,ASSISTANT_PROFESSOR,5
JMC003,2025-12-18,FN,true,Prof_JMC_003,ASSISTANT_PROFESSOR,5
JMC003,2025-12-18,AN,true,Prof_JMC_003,ASSISTANT_PROFESSOR,5
JMC003,2025-12-19,FN,true,Prof_JMC_003,ASSISTANT_PROFESSOR,5
JMC003,2025-12-19,AN,true,Prof_JMC_003,ASSISTANT_PROFESSOR,5
JMC003,2025-12-20,FN,false,Prof_JMC_003,ASSISTANT_PROFESSOR,5
JMC003,2025-12-20,AN,true,Prof_JMC_003,ASSISTANT_PROFESSOR,5
JMC003,2025-12-22,FN,true,Prof_JMC_003,ASSISTANT_PROFESSOR,5
JMC003,2025-12-22,AN,true,Prof_JMC_003,ASSISTANT_PROFESSOR,5
JMC003,2025-11-25,FN,true,Prof_JMC_003,ASSISTANT_PROFESSOR,5
JMC003,2025-11-25,AN,false,Prof_JMC_003,ASSISTANT_PROFESSOR,5
JMC004,2025-12-08,FN,true,Prof_JMC_004,PROFESSOR,5
JMC004,2025-12-08,AN,true,Prof_JMC_004,PROFESSOR,5
JMC004,2025-12-09,FN,true,Prof_JMC_004,PROFESSOR,5
JMC004,2025-12-09,AN,true,Prof_JMC_004,PROFESSOR,5
JMC004,2025-12-10,FN,true,Prof_JMC_004,PROFESSOR,5
JMC004,2025-12-10,AN,true,Prof_JMC_004,PROFESSOR,5
JMC004,2025-12-11,FN,true,Prof_JMC_004,PROFESSOR,5
JMC004,2025-12-11,AN,false,Prof_JMC_004,PROFESSOR,5
JMC004,2025-12-12,FN,true,Prof_JMC_004,PROFESSOR,5
JMC004,2025-12-12,AN,true,Prof_JMC_004,PROFESSOR,5
JMC004,2025-12-13,FN,true,Prof_JMC_004,PROFESSOR,5
JMC004,2025-12-13,AN,false,Prof_JMC_004,PROFESSOR,5
JMC004,2025-12-15,FN,false,Prof_JMC_004,PROFESSOR,5
JMC004,2025-12-15,AN,true,Prof_JMC_004,PROFESSOR,5
JMC004,2025-12-16,FN,true,Prof_JMC_004,PROFESSOR,5
JMC004,2025-12-16,AN,true,Prof_JMC_004,PROFESSOR,5
JMC004,2025-12-17,FN,false,Prof_JMC_004,PROFESSOR,5
JMC004,2025-12-17,AN,false,Prof_JMC_004,PROFESSOR,5
JMC004,2025-12-18,FN,true,Prof_JMC_004,PROFESSOR,5
JMC004,2025-12-18,AN,false,Prof_JMC_004,PROFESSOR,5
JMC004,2025-12-19,FN,true,Prof_JMC_004,PROFESSOR,5
JMC004,2025-12-19,AN,false,Prof_JMC_004,PROFESSOR,5
JMC004,2025-12-20,FN,true,Prof_JMC_004,PROFESSOR,5
JMC004,2025-12-20,AN,false,Prof_JMC_004,PROFESSOR,5
JMC004,2025-12-22,FN,true,Prof_JMC_004,PROFESSOR,5
JMC004,2025-12-22,AN,true,Prof_JMC_004,PROFESSOR,5
JMC004,2025-11-25,FN,true,Prof_JMC_004,PROFESSOR,5
JMC004,2025-11-25,AN,true,Prof_JMC_004,PROFESSOR,5
JMC005,2025-12-08,FN,false,Prof_JMC_005,ASSOCIATE_PROFESSOR,5
JMC005,2025-12-08,AN,true,Prof_JMC_005,ASSOCIATE_PROFESSOR,5
JMC005,2025-12-09,FN,true,Prof_JMC_005,ASSOCIATE_PROFESSOR,5
JMC005,2025-12-09,AN,true,Prof_JMC_005,ASSOCIATE_PROFESSOR,5
JMC005,2025-12-10,FN,false,Prof_JMC_005,ASSOCIATE_PROFESSOR,5
JMC005,2025-12-10,AN,true,Prof_JMC_005,ASSOCIATE_PROFESSOR,5
JMC005,2025-12-11,FN,true,Prof_JMC_005,ASSOCIATE_PROFESSOR,5
JMC005,2025-12-11,AN,true,Prof_JMC_005,ASSOCIATE_PROFESSOR,5
JMC005,2025-12-12,FN,true,Prof_JMC_005,ASSOCIATE_PROFESSOR,5
JMC005,2025-12-12,AN,true,Prof_JMC_005,ASSOCIATE_PROFESSOR,5
JMC005,2025-12-13,FN,true,Prof_JMC_005,ASSOCIATE_PROFESSOR,5
JMC005,2025-12-13,AN,false,Prof_JMC_005,ASSOCIATE_PROFESSOR,5
JMC005,2025-12-15,FN,true,Prof_JMC_005,ASSOCIATE_PROFESSOR,5
JMC005,2025-12-15,AN,true,Prof_JMC_005,ASSOCIATE_PROFESSOR,5
JMC005,2025-12-16,FN,true,Prof_JMC_005,ASSOCIATE_PROFESSOR,5
JMC005,2025-12-16,AN,true,Prof_JMC_005,ASSOCIATE_PROFESSOR,5
JMC005,2025-12-17,FN,true,Prof_JMC_005,ASSOCIATE_PROFESSOR,5
JMC005,2025-12-17,AN,true,Prof_JMC_005,ASSOCIATE_PROFESSOR,5
JMC005,2025-12-18,FN,true,Prof_JMC_005,ASSOCIATE_PROFESSOR,5
JMC005,2025-12-18,AN,true,Prof_JMC_005,ASSOCIATE_PROFESSOR,5
JMC005,2025-12-19,FN,true,Prof_JMC_005,ASSOCIATE_PROFESSOR,5
JMC005,2025-12-19,AN,true,Prof_JMC_005,ASSOCIATE_PROFESSOR,5
JMC005,2025-12-20,FN,true,Prof_JMC_005,ASSOCIATE_PROFESSOR,5
JMC005,2025-12-20,AN,true,Prof_JMC_005,ASSOCIATE_PROFESSOR,5
JMC005,2025-12-22,FN,true,Prof_JMC_005,ASSOCIATE_PROFESSOR,5
JMC005,2025-12-22,AN,true,Prof_JMC_005,ASSOCIATE_PROFESSOR,5
JMC005,2025-11-25,FN,true,Prof_JMC_005,ASSOCIATE_PROFESSOR,5
JMC005,2025-11-25,AN,true,Prof_JMC_005,ASSOCIATE_PROFESSOR,5
JMC006,2025-12-08,FN,false,Prof_JMC_006,ASSISTANT_PROFESSOR,5
JMC006,2025-12-08,AN,true,Prof_JMC_006,ASSISTANT_PROFESSOR,5
JMC006,2025-12-09,FN,true,Prof_JMC_006,ASSISTANT_PROFESSOR,5
JMC006,2025-12-09,AN,true,Prof_JMC_006,ASSISTANT_PROFESSOR,5
JMC006,2025-12-10,FN,false,Prof_JMC_006,ASSISTANT_PROFESSOR,5
JMC006,2025-12-10,AN,true,Prof_JMC_006,ASSISTANT_PROFESSOR,5
JMC006,2025-12-11,FN,true,Prof_JMC_006,ASSISTANT_PROFESSOR,5
JMC006,2025-12-11,AN,true,Prof_JMC_006,ASSISTANT_PROFESSOR,5
JMC006,2025-12-12,FN,true,Prof_JMC_006,ASSISTANT_PROFESSOR,5
JMC006,2025-12-12,AN,false,Prof_JMC_006,ASSISTANT_PROFESSOR,5
JMC006,2025-12-13,FN,false,Prof_JMC_006,ASSISTANT_PROFESSOR,5
JMC006,2025-12-13,AN,true,Prof_JMC_006,ASSISTANT_PROFESSOR,5
JMC006,2025-12-15,FN,true,Prof_JMC_006,ASSISTANT_PROFESSOR,5
JMC006,2025-12-15,AN,true,Prof_JMC_006,ASSISTANT_PROFESSOR,5
JMC006,2025-12-16,FN,true,Prof_JMC_006,ASSISTANT_PROFESSOR,5
JMC006,2025-12-16,AN,true,Prof_JMC_006,ASSISTANT_PROFESSOR,5
JMC006,2025-12-17,FN,true,Prof_JMC_006,ASSISTANT_PROFESSOR,5
JMC006,2025-12-17,AN,false,Prof_JMC_006,ASSISTANT_PROFESSOR,5
JMC006,2025-12-18,FN,true,Prof_JMC_006,ASSISTANT_PROFESSOR,5
JMC006,2025-12-18,AN,true,Prof_JMC_006,ASSISTANT_PROFESSOR,5
JMC006,2025-12-19,FN,true,Prof_JMC_006,ASSISTANT_PROFESSOR,5
JMC006,2025-12-19,AN,true,Prof_JMC_006,ASSISTANT_PROFESSOR,5
JMC006,2025-12-20,FN,true,Prof_JMC_006,ASSISTANT_PROFESSOR,5
JMC006,2025-12-20,AN,true,Prof_JMC_006,ASSISTANT_PROFESSOR,5
JMC006,2025-12-22,FN,true,Prof_JMC_006,ASSISTANT_PROFESSOR,5
JMC006,2025-12-22,AN,true,Prof_JMC_006,ASSISTANT_PROFESSOR,5
JMC006,2025-11-25,FN,false,Prof_JMC_006,ASSISTANT_PROFESSOR,5
JMC006,2025-11-25,AN,true,Prof_JMC_006,ASSISTANT_PROFESSOR,5
PPA001,2025-12-08,FN,true,Prof_PPA_001,PROFESSOR,6
PPA001,2025-12-08,AN,true,Prof_PPA_001,PROFESSOR,6
PPA001,2025-12-09,FN,true,Prof_PPA_001,PROFESSOR,6
PPA001,2025-12-09,AN,true,Prof_PPA_001,PROFESSOR,6
PPA001,2025-12-10,FN,true,Prof_PPA_001,PROFESSOR,6
PPA001,2025-12-10,AN,true,Prof_PPA_001,PROFESSOR,6
PPA001,2025-12-11,FN,true,Prof_PPA_001,PROFESSOR,6
PPA001,2025-12-11,AN,true,Prof_PPA_001,PROFESSOR,6
PPA001,2025-12-12,FN,true,Prof_PPA_001,PROFESSOR,6
PPA001,2025-12-12,AN,true,Prof_PPA_001,PROFESSOR,6
PPA001,2025-12-13,FN,true,Prof_PPA_001,PROFESSOR,6
PPA001,2025-12-13,AN,true,Prof_PPA_001,PROFESSOR,6
PPA001,2025-12-15,FN,false,Prof_PPA_001,PROFESSOR,6
PPA001,2025-12-15,AN,true,Prof_PPA_001,PROFESSOR,6
PPA001,2025-12-16,FN,true,Prof_PPA_001,PROFESSOR,6
PPA001,2025-12-16,AN,true,Prof_PPA_001,PROFESSOR,6
PPA001,2025-12-17,FN,true,Prof_PPA_001,PROFESSOR,6
PPA001,2025-12-17,AN,true,Prof_PPA_001,PROFESSOR,6
PPA001,2025-12-18,FN,true,Prof_PPA_001,PROFESSOR,6
PPA001,2025-12-18,AN,true,Prof_PPA_001,PROFESSOR,6
PPA001,2025-12-19,FN,true,Prof_PPA_001,PROFESSOR,6
PPA001,2025-12-19,AN,true,Prof_PPA_001,PROFESSOR,6
PPA001,2025-12-20,FN,true,Prof_PPA_001,PROFESSOR,6
PPA001,2025-12-20,AN,true,Prof_PPA_001,PROFESSOR,6
PPA001,2025-12-22,FN,true,Prof_PPA_001,PROFESSOR,6
PPA001,2025-12-22,AN,true,Prof_PPA_001,PROFESSOR,6
PPA001,2025-11-25,FN,true,Prof_PPA_001,PROFESSOR,6
PPA001,2025-11-25,AN,true,Prof_PPA_001,PROFESSOR,6
PPA002,2025-12-08,FN,true,Prof_PPA_002,ASSOCIATE_PROFESSOR,6
PPA002,2025-12-08,AN,true,Prof_PPA_002,ASSOCIATE_PROFESSOR,6
PPA002,2025-12-09,FN,true,Prof_PPA_002,ASSOCIATE_PROFESSOR,6
PPA002,2025-12-09,AN,false,Prof_PPA_002,ASSOCIATE_PROFESSOR,6
PPA002,2025-12-10,FN,false,Prof_PPA_002,ASSOCIATE_PROFESSOR,6
PPA002,2025-12-10,AN,true,Prof_PPA_002,ASSOCIATE_PROFESSOR,6
PPA002,2025-12-11,FN,true,Prof_PPA_002,ASSOCIATE_PROFESSOR,6
PPA002,2025-12-11,AN,true,Prof_PPA_002,ASSOCIATE_PROFESSOR,6
PPA002,2025-12-12,FN,false,Prof_PPA_002,ASSOCIATE_PROFESSOR,6
PPA002,2025-12-12,AN,true,Prof_PPA_002,ASSOCIATE_PROFESSOR,6
PPA002,2025-12-13,FN,true,Prof_PPA_002,ASSOCIATE_PROFESSOR,6
PPA002,2025-12-13,AN,true,Prof_PPA_002,ASSOCIATE_PROFESSOR,6
PPA002,2025-12-15,FN,true,Prof_PPA_002,ASSOCIATE_PROFESSOR,6
PPA002,2025-12-15,AN,false,Prof_PPA_002,ASSOCIATE_PROFESSOR,6
PPA002,2025-12-16,FN,false,Prof_PPA_002,ASSOCIATE_PROFESSOR,6
PPA002,2025-12-16,AN,true,Prof_PPA_002,ASSOCIATE_PROFESSOR,6
PPA002,2025-12-17,FN,true,Prof_PPA_002,ASSOCIATE_PROFESSOR,6
PPA002,2025-12-17,AN,true,Prof_PPA_002,ASSOCIATE_PROFESSOR,6
PPA002,2025-12-18,FN,false,Prof_PPA_002,ASSOCIATE_PROFESSOR,6
PPA002,2025-12-18,AN,true,Prof_PPA_002,ASSOCIATE_PROFESSOR,6
PPA002,2025-12-19,FN,true,Prof_PPA_002,ASSOCIATE_PROFESSOR,6
PPA002,2025-12-19,AN,false,Prof_PPA_002,ASSOCIATE_PROFESSOR,6
PPA002,2025-12-20,FN,false,Prof_PPA_002,ASSOCIATE_PROFESSOR,6
PPA002,2025-12-20,AN,false,Prof_PPA_002,ASSOCIATE_PROFESSOR,6
PPA002,2025-12-22,FN,false,Prof_PPA_002,ASSOCIATE_PROFESSOR,6
PPA002,2025-12-22,AN,true,Prof_PPA_002,ASSOCIATE_PROFESSOR,6
PPA002,2025-11-25,FN,true,Prof_PPA_002,ASSOCIATE_PROFESSOR,6
PPA002,2025-11-25,AN,true,Prof_PPA_002,ASSOCIATE_PROFESSOR,6
PPA003,2025-12-08,FN,false,Prof_PPA_003,ASSISTANT_PROFESSOR,6
PPA003,2025-12-08,AN,true,Prof_PPA_003,ASSISTANT_PROFESSOR,6
PPA003,2025-12-09,FN,true,Prof_PPA_003,ASSISTANT_PROFESSOR,6
PPA003,2025-12-09,AN,true,Prof_PPA_003,ASSISTANT_PROFESSOR,6
PPA003,2025-12-10,FN,false,Prof_PPA_003,ASSISTANT_PROFESSOR,6
PPA003,2025-12-10,AN,true,Prof_PPA_003,ASSISTANT_PROFESSOR,6
PPA003,2025-12-11,FN,true,Prof_PPA_003,ASSISTANT_PROFESSOR,6
PPA003,2025-12-11,AN,false,Prof_PPA_003,ASSISTANT_PROFESSOR,6
PPA003,2025-12-12,FN,true,Prof_PPA_003,ASSISTANT_PROFESSOR,6
PPA003,2025-12-12,AN,false,Prof_PPA_003,ASSISTANT_PROFESSOR,6
PPA003,2025-12-13,FN,false,Prof_PPA_003,ASSISTANT_PROFESSOR,6
PPA003,2025-12-13,AN,false,Prof_PPA_003,ASSISTANT_PROFESSOR,6
PPA003,2025-12-15,FN,true,Prof_PPA_003,ASSISTANT_PROFESSOR,6
PPA003,2025-12-15,AN,true,Prof_PPA_003,ASSISTANT_PROFESSOR,6
PPA003,2025-12-16,FN,false,Prof_PPA_003,ASSISTANT_PROFESSOR,6
PPA003,2025-12-16,AN,true,Prof_PPA_003,ASSISTANT_PROFESSOR,6
PPA003,2025-12-17,FN,true,Prof_PPA_003,ASSISTANT_PROFESSOR,6
PPA003,2025-12-17,AN,true,Prof_PPA_003,ASSISTANT_PROFESSOR,6
PPA003,2025-12-18,FN,true,Prof_PPA_003,ASSISTANT_PROFESSOR,6
PPA003,2025-12-18,AN,true,Prof_PPA_003,ASSISTANT_PROFESSOR,6
PPA003,2025-12-19,FN,true,Prof_PPA_003,ASSISTANT_PROFESSOR,6
PPA003,2025-12-19,AN,false,Prof_PPA_003,ASSISTANT_PROFESSOR,6
PPA003,2025-12-20,FN,true,Prof_PPA_003,ASSISTANT_PROFESSOR,6
PPA003,2025-12-20,AN,true,Prof_PPA_003,ASSISTANT_PROFESSOR,6
PPA003,2025-12-22,FN,true,Prof_PPA_003,ASSISTANT_PROFESSOR,6
PPA003,2025-12-22,AN,false,Prof_PPA_003,ASSISTANT_PROFESSOR,6
PPA003,2025-11-25,FN,true,Prof_PPA_003,ASSISTANT_PROFESSOR,6
PPA003,2025-11-25,AN,true,Prof_PPA_003,ASSISTANT_PROFESSOR,6
PPA004,2025-12-08,FN,true,Prof_PPA_004,PROFESSOR,6
PPA004,2025-12-08,AN,true,Prof_PPA_004,PROFESSOR,6
PPA004,2025-12-09,FN,true,Prof_PPA_004,PROFESSOR,6
PPA004,2025-12-09,AN,true,Prof_PPA_004,PROFESSOR,6
PPA004,2025-12-10,FN,false,Prof_PPA_004,PROFESSOR,6
PPA004,2025-12-10,AN,true,Prof_PPA_004,PROFESSOR,6
PPA004,2025-12-11,FN,false,Prof_PPA_004,PROFESSOR,6
PPA004,2025-12-11,AN,true,Prof_PPA_004,PROFESSOR,6
PPA004,2025-12-12,FN,true,Prof_PPA_004,PROFESSOR,6
PPA004,2025-12-12,AN,true,Prof_PPA_004,PROFESSOR,6
PPA004,2025-12-13,FN,true,Prof_PPA_004,PROFESSOR,6
PPA004,2025-12-13,AN,false,Prof_PPA_004,PROFESSOR,6
PPA004,2025-12-15,FN,true,Prof_PPA_004,PROFESSOR,6
PPA004,2025-12-15,AN,true,Prof_PPA_004,PROFESSOR,6
PPA004,2025-12-16,FN,false,Prof_PPA_004,PROFESSOR,6
PPA004,2025-12-16,AN,true,Prof_PPA_004,PROFESSOR,6
PPA004,2025-12-17,FN,true,Prof_PPA_004,PROFESSOR,6
PPA004,2025-12-17,AN,true,Prof_PPA_004,PROFESSOR,6
PPA004,2025-12-18,FN,true,Prof_PPA_004,PROFESSOR,6
PPA004,2025-12-18,AN,true,Prof_PPA_004,PROFESSOR,6
PPA004,2025-12-19,FN,false,Prof_PPA_004,PROFESSOR,6
PPA004,2025-12-19,AN,true,Prof_PPA_004,PROFESSOR,6
PPA004,2025-12-20,FN,false,Prof_PPA_004,PROFESSOR,6
PPA004,2025-12-20,AN,true,Prof_PPA_004,PROFESSOR,6
PPA004,2025-12-22,FN,true,Prof_PPA_004,PROFESSOR,6
PPA004,2025-12-22,AN,true,Prof_PPA_004,PROFESSOR,6
PPA004,2025-11-25,FN,true,Prof_PPA_004,PROFESSOR,6
PPA004,2025-11-25,AN,false,Prof_PPA_004,PROFESSOR,6
PPA005,2025-12-08,FN,true,Prof_PPA_005,ASSOCIATE_PROFESSOR,6
PPA005,2025-12-08,AN,true,Prof_PPA_005,ASSOCIATE_PROFESSOR,6
PPA005,2025-12-09,FN,false,Prof_PPA_005,ASSOCIATE_PROFESSOR,6
PPA005,2025-12-09,AN,true,Prof_PPA_005,ASSOCIATE_PROFESSOR,6
PPA005,2025-12-10,FN,true,Prof_PPA_005,ASSOCIATE_PROFESSOR,6
PPA005,2025-12-10,AN,true,Prof_PPA_005,ASSOCIATE_PROFESSOR,6
PPA005,2025-12-11,FN,false,Prof_PPA_005,ASSOCIATE_PROFESSOR,6
PPA005,2025-12-11,AN,true,Prof_PPA_005,ASSOCIATE_PROFESSOR,6
PPA005,2025-12-12,FN,true,Prof_PPA_005,ASSOCIATE_PROFESSOR,6
PPA005,2025-12-12,AN,true,Prof_PPA_005,ASSOCIATE_PROFESSOR,6
PPA005,2025-12-13,FN,false,Prof_PPA_005,ASSOCIATE_PROFESSOR,6
PPA005,2025-12-13,AN,false,Prof_PPA_005,ASSOCIATE_PROFESSOR,6
PPA005,2025-12-15,FN,true,Prof_PPA_005,ASSOCIATE_PROFESSOR,6
PPA005,2025-12-15,AN,false,Prof_PPA_005,ASSOCIATE_PROFESSOR,6
PPA005,2025-12-16,FN,true,Prof_PPA_005,ASSOCIATE_PROFESSOR,6
PPA005,2025-12-16,AN,true,Prof_PPA_005,ASSOCIATE_PROFESSOR,6
PPA005,2025-12-17,FN,false,Prof_PPA_005,ASSOCIATE_PROFESSOR,6
PPA005,2025-12-17,AN,true,Prof_PPA_005,ASSOCIATE_PROFESSOR,6
PPA005,2025-12-18,FN,true,Prof_PPA_005,ASSOCIATE_PROFESSOR,6
PPA005,2025-12-18,AN,true,Prof_PPA_005,ASSOCIATE_PROFESSOR,6
PPA005,2025-12-19,FN,true,Prof_PPA_005,ASSOCIATE_PROFESSOR,6
PPA005,2025-12-19,AN,true,Prof_PPA_005,ASSOCIATE_PROFESSOR,6
PPA005,2025-12-20,FN,true,Prof_PPA_005,ASSOCIATE_PROFESSOR,6
PPA005,2025-12-20,AN,true,Prof_PPA_005,ASSOCIATE_PROFESSOR,6
PPA005,2025-12-22,FN,true,Prof_PPA_005,ASSOCIATE_PROFESSOR,6
PPA005,2025-12-22,AN,true,Prof_PPA_005,ASSOCIATE_PROFESSOR,6
PPA005,2025-11-25,FN,true,Prof_PPA_005,ASSOCIATE_PROFESSOR,6
PPA005,2025-11-25,AN,true,Prof_PPA_005,ASSOCIATE_PROFESSOR,6
PPA006,2025-12-08,FN,true,Prof_PPA_006,ASSISTANT_PROFESSOR,6
PPA006,2025-12-08,AN,true,Prof_PPA_006,ASSISTANT_PROFESSOR,6
PPA006,2025-12-09,FN,true,Prof_PPA_006,ASSISTANT_PROFESSOR,6
PPA006,2025-12-09,AN,true,Prof_PPA_006,ASSISTANT_PROFESSOR,6
PPA006,2025-12-10,FN,false,Prof_PPA_006,ASSISTANT_PROFESSOR,6
PPA006,2025-12-10,AN,true,Prof_PPA_006,ASSISTANT_PROFESSOR,6
PPA006,2025-12-11,FN,true,Prof_PPA_006,ASSISTANT_PROFESSOR,6
PPA006,2025-12-11,AN,true,Prof_PPA_006,ASSISTANT_PROFESSOR,6
PPA006,2025-12-12,FN,true,Prof_PPA_006,ASSISTANT_PROFESSOR,6
PPA006,2025-12-12,AN,true,Prof_PPA_006,ASSISTANT_PROFESSOR,6
PPA006,2025-12-13,FN,true,Prof_PPA_006,ASSISTANT_PROFESSOR,6
PPA006,2025-12-13,AN,false,Prof_PPA_006,ASSISTANT_PROFESSOR,6
PPA006,2025-12-15,FN,true,Prof_PPA_006,ASSISTANT_PROFESSOR,6
PPA006,2025-12-15,AN,true,Prof_PPA_006,ASSISTANT_PROFESSOR,6
PPA006,2025-12-16,FN,true,Prof_PPA_006,ASSISTANT_PROFESSOR,6
PPA006,2025-12-16,AN,false,Prof_PPA_006,ASSISTANT_PROFESSOR,6
PPA006,2025-12-17,FN,true,Prof_PPA_006,ASSISTANT_PROFESSOR,6
PPA006,2025-12-17,AN,true,Prof_PPA_006,ASSISTANT_PROFESSOR,6
PPA006,2025-12-18,FN,true,Prof_PPA_006,ASSISTANT_PROFESSOR,6
PPA006,2025-12-18,AN,true,Prof_PPA_006,ASSISTANT_PROFESSOR,6
PPA006,2025-12-19,FN,false,Prof_PPA_006,ASSISTANT_PROFESSOR,6
PPA006,2025-12-19,AN,true,Prof_PPA_006,ASSISTANT_PROFESSOR,6
PPA006,2025-12-20,FN,false,Prof_PPA_006,ASSISTANT_PROFESSOR,6
PPA006,2025-12-20,AN,true,Prof_PPA_006,ASSISTANT_PROFESSOR,6
PPA006,2025-12-22,FN,true,Prof_PPA_006,ASSISTANT_PROFESSOR,6
PPA006,2025-12-22,AN,false,Prof_PPA_006,ASSISTANT_PROFESSOR,6
PPA006,2025-11-25,FN,true,Prof_PPA_006,ASSISTANT_PROFESSOR,6
PPA006,2025-11-25,AN,false,Prof_PPA_006,ASSISTANT_PROFESSOR,6
MMBA001,2025-12-08,FN,true,Prof_MMBA_001,PROFESSOR,7
MMBA001,2025-12-08,AN,true,Prof_MMBA_001,PROFESSOR,7
MMBA001,2025-12-09,FN,true,Prof_MMBA_001,PROFESSOR,7
MMBA001,2025-12-09,AN,true,Prof_MMBA_001,PROFESSOR,7
MMBA001,2025-12-10,FN,true,Prof_MMBA_001,PROFESSOR,7
MMBA001,2025-12-10,AN,false,Prof_MMBA_001,PROFESSOR,7
MMBA001,2025-12-11,FN,false,Prof_MMBA_001,PROFESSOR,7
MMBA001,2025-12-11,AN,true,Prof_MMBA_001,PROFESSOR,7
MMBA001,2025-12-12,FN,false,Prof_MMBA_001,PROFESSOR,7
MMBA001,2025-12-12,AN,true,Prof_MMBA_001,PROFESSOR,7
MMBA001,2025-12-13,FN,true,Prof_MMBA_001,PROFESSOR,7
MMBA001,2025-12-13,AN,true,Prof_MMBA_001,PROFESSOR,7
MMBA001,2025-12-15,FN,false,Prof_MMBA_001,PROFESSOR,7
MMBA001,2025-12-15,AN,true,Prof_MMBA_001,PROFESSOR,7
MMBA001,2025-12-16,FN,false,Prof_MMBA_001,PROFESSOR,7
MMBA001,2025-12-16,AN,true,Prof_MMBA_001,PROFESSOR,7
MMBA001,2025-12-17,FN,false,Prof_MMBA_001,PROFESSOR,7
MMBA001,2025-12-17,AN,true,Prof_MMBA_001,PROFESSOR,7
MMBA001,2025-12-18,FN,true,Prof_MMBA_001,PROFESSOR,7
MMBA001,2025-12-18,AN,true,Prof_MMBA_001,PROFESSOR,7
MMBA001,2025-12-19,FN,true,Prof_MMBA_001,PROFESSOR,7
MMBA001,2025-12-19,AN,false,Prof_MMBA_001,PROFESSOR,7
MMBA001,2025-12-20,FN,true,Prof_MMBA_001,PROFESSOR,7
MMBA001,2025-12-20,AN,false,Prof_MMBA_001,PROFESSOR,7
MMBA001,2025-12-22,FN,true,Prof_MMBA_001,PROFESSOR,7
MMBA001,2025-12-22,AN,true,Prof_MMBA_001,PROFESSOR,7
MMBA001,2025-11-25,FN,false,Prof_MMBA_001,PROFESSOR,7
MMBA001,2025-11-25,AN,true,Prof_MMBA_001,PROFESSOR,7
MMBA002,2025-12-08,FN,false,Prof_MMBA_002,ASSOCIATE_PROFESSOR,7
MMBA002,2025-12-08,AN,true,Prof_MMBA_002,ASSOCIATE_PROFESSOR,7
MMBA002,2025-12-09,FN,true,Prof_MMBA_002,ASSOCIATE_PROFESSOR,7
MMBA002,2025-12-09,AN,true,Prof_MMBA_002,ASSOCIATE_PROFESSOR,7
MMBA002,2025-12-10,FN,false,Prof_MMBA_002,ASSOCIATE_PROFESSOR,7
MMBA002,2025-12-10,AN,true,Prof_MMBA_002,ASSOCIATE_PROFESSOR,7
MMBA002,2025-12-11,FN,true,Prof_MMBA_002,ASSOCIATE_PROFESSOR,7
MMBA002,2025-12-11,AN,true,Prof_MMBA_002,ASSOCIATE_PROFESSOR,7
MMBA002,2025-12-12,FN,true,Prof_MMBA_002,ASSOCIATE_PROFESSOR,7
MMBA002,2025-12-12,AN,true,Prof_MMBA_002,ASSOCIATE_PROFESSOR,7
MMBA002,2025-12-13,FN,true,Prof_MMBA_002,ASSOCIATE_PROFESSOR,7
MMBA002,2025-12-13,AN,false,Prof_MMBA_002,ASSOCIATE_PROFESSOR,7
MMBA002,2025-12-15,FN,true,Prof_MMBA_002,ASSOCIATE_PROFESSOR,7
MMBA002,2025-12-15,AN,false,Prof_MMBA_002,ASSOCIATE_PROFESSOR,7
MMBA002,2025-12-16,FN,true,Prof_MMBA_002,ASSOCIATE_PROFESSOR,7
MMBA002,2025-12-16,AN,true,Prof_MMBA_002,ASSOCIATE_PROFESSOR,7
MMBA002,2025-12-17,FN,true,Prof_MMBA_002,ASSOCIATE_PROFESSOR,7
MMBA002,2025-12-17,AN,true,Prof_MMBA_002,ASSOCIATE_PROFESSOR,7
MMBA002,2025-12-18,FN,true,Prof_MMBA_002,ASSOCIATE_PROFESSOR,7
MMBA002,2025-12-18,AN,false,Prof_MMBA_002,ASSOCIATE_PROFESSOR,7
MMBA002,2025-12-19,FN,true,Prof_MMBA_002,ASSOCIATE_PROFESSOR,7
MMBA002,2025-12-19,AN,true,Prof_MMBA_002,ASSOCIATE_PROFESSOR,7
MMBA002,2025-12-20,FN,true,Prof_MMBA_002,ASSOCIATE_PROFESSOR,7
MMBA002,2025-12-20,AN,true,Prof_MMBA_002,ASSOCIATE_PROFESSOR,7
MMBA002,2025-12-22,FN,true,Prof_MMBA_002,ASSOCIATE_PROFESSOR,7
MMBA002,2025-12-22,AN,true,Prof_MMBA_002,ASSOCIATE_PROFESSOR,7
MMBA002,2025-11-25,FN,false,Prof_MMBA_002,ASSOCIATE_PROFESSOR,7
MMBA002,2025-11-25,AN,true,Prof_MMBA_002,ASSOCIATE_PROFESSOR,7
MMBA003,2025-12-08,FN,true,Prof_MMBA_003,ASSISTANT_PROFESSOR,7
MMBA003,2025-12-08,AN,true,Prof_MMBA_003,ASSISTANT_PROFESSOR,7
MMBA003,2025-12-09,FN,true,Prof_MMBA_003,ASSISTANT_PROFESSOR,7
MMBA003,2025-12-09,AN,true,Prof_MMBA_003,ASSISTANT_PROFESSOR,7
MMBA003,2025-12-10,FN,false,Prof_MMBA_003,ASSISTANT_PROFESSOR,7
MMBA003,2025-12-10,AN,true,Prof_MMBA_003,ASSISTANT_PROFESSOR,7
MMBA003,2025-12-11,FN,false,Prof_MMBA_003,ASSISTANT_PROFESSOR,7
MMBA003,2025-12-11,AN,true,Prof_MMBA_003,ASSISTANT_PROFESSOR,7
MMBA003,2025-12-12,FN,true,Prof_MMBA_003,ASSISTANT_PROFESSOR,7
MMBA003,2025-12-12,AN,true,Prof_MMBA_003,ASSISTANT_PROFESSOR,7
MMBA003,2025-12-13,FN,true,Prof_MMBA_003,ASSISTANT_PROFESSOR,7
MMBA003,2025-12-13,AN,true,Prof_MMBA_003,ASSISTANT_PROFESSOR,7
MMBA003,2025-12-15,FN,true,Prof_MMBA_003,ASSISTANT_PROFESSOR,7
MMBA003,2025-12-15,AN,true,Prof_MMBA_003,ASSISTANT_PROFESSOR,7
MMBA003,2025-12-16,FN,false,Prof_MMBA_003,ASSISTANT_PROFESSOR,7
MMBA003,2025-12-16,AN,true,Prof_MMBA_003,ASSISTANT_PROFESSOR,7
MMBA003,2025-12-17,FN,false,Prof_MMBA_003,ASSISTANT_PROFESSOR,7
MMBA003,2025-12-17,AN,true,Prof_MMBA_003,ASSISTANT_PROFESSOR,7
MMBA003,2025-12-18,FN,false,Prof_MMBA_003,ASSISTANT_PROFESSOR,7
MMBA003,2025-12-18,AN,true,Prof_MMBA_003,ASSISTANT_PROFESSOR,7
MMBA003,2025-12-19,FN,true,Prof_MMBA_003,ASSISTANT_PROFESSOR,7
MMBA003,2025-12-19,AN,true,Prof_MMBA_003,ASSISTANT_PROFESSOR,7
MMBA003,2025-12-20,FN,false,Prof_MMBA_003,ASSISTANT_PROFESSOR,7
MMBA003,2025-12-20,AN,false,Prof_MMBA_003,ASSISTANT_PROFESSOR,7
MMBA003,2025-12-22,FN,true,Prof_MMBA_003,ASSISTANT_PROFESSOR,7
MMBA003,2025-12-22,AN,true,Prof_MMBA_003,ASSISTANT_PROFESSOR,7
MMBA003,2025-11-25,FN,false,Prof_MMBA_003,ASSISTANT_PROFESSOR,7
MMBA003,2025-11-25,AN,false,Prof_MMBA_003,ASSISTANT_PROFESSOR,7
MMBA004,2025-12-08,FN,true,Prof_MMBA_004,PROFESSOR,7
MMBA004,2025-12-08,AN,true,Prof_MMBA_004,PROFESSOR,7
MMBA004,2025-12-09,FN,true,Prof_MMBA_004,PROFESSOR,7
MMBA004,2025-12-09,AN,false,Prof_MMBA_004,PROFESSOR,7
MMBA004,2025-12-10,FN,true,Prof_MMBA_004,PROFESSOR,7
MMBA004,2025-12-10,AN,true,Prof_MMBA_004,PROFESSOR,7
MMBA004,2025-12-11,FN,true,Prof_MMBA_004,PROFESSOR,7
MMBA004,2025-12-11,AN,true,Prof_MMBA_004,PROFESSOR,7
MMBA004,2025-12-12,FN,true,Prof_MMBA_004,PROFESSOR,7
MMBA004,2025-12-12,AN,true,Prof_MMBA_004,PROFESSOR,7
MMBA004,2025-12-13,FN,false,Prof_MMBA_004,PROFESSOR,7
MMBA004,2025-12-13,AN,true,Prof_MMBA_004,PROFESSOR,7
MMBA004,2025-12-15,FN,true,Prof_MMBA_004,PROFESSOR,7
MMBA004,2025-12-15,AN,true,Prof_MMBA_004,PROFESSOR,7
MMBA004,2025-12-16,FN,true,Prof_MMBA_004,PROFESSOR,7
MMBA004,2025-12-16,AN,true,Prof_MMBA_004,PROFESSOR,7
MMBA004,2025-12-17,FN,true,Prof_MMBA_004,PROFESSOR,7
MMBA004,2025-12-17,AN,true,Prof_MMBA_004,PROFESSOR,7
MMBA004,2025-12-18,FN,true,Prof_MMBA_004,PROFESSOR,7
MMBA004,2025-12-18,AN,true,Prof_MMBA_004,PROFESSOR,7
MMBA004,2025-12-19,FN,true,Prof_MMBA_004,PROFESSOR,7
MMBA004,2025-12-19,AN,true,Prof_MMBA_004,PROFESSOR,7
MMBA004,2025-12-20,FN,true,Prof_MMBA_004,PROFESSOR,7
MMBA004,2025-12-20,AN,true,Prof_MMBA_004,PROFESSOR,7
MMBA004,2025-12-22,FN,true,Prof_MMBA_004,PROFESSOR,7
MMBA004,2025-12-22,AN,true,Prof_MMBA_004,PROFESSOR,7
MMBA004,2025-11-25,FN,false,Prof_MMBA_004,PROFESSOR,7
MMBA004,2025-11-25,AN,true,Prof_MMBA_004,PROFESSOR,7
MMBA005,2025-12-08,FN,true,Prof_MMBA_005,ASSOCIATE_PROFESSOR,7
MMBA005,2025-12-08,AN,true,Prof_MMBA_005,ASSOCIATE_PROFESSOR,7
MMBA005,2025-12-09,FN,false,Prof_MMBA_005,ASSOCIATE_PROFESSOR,7
MMBA005,2025-12-09,AN,true,Prof_MMBA_005,ASSOCIATE_PROFESSOR,7
MMBA005,2025-12-10,FN,true,Prof_MMBA_005,ASSOCIATE_PROFESSOR,7
MMBA005,2025-12-10,AN,true,Prof_MMBA_005,ASSOCIATE_PROFESSOR,7
MMBA005,2025-12-11,FN,true,Prof_MMBA_005,ASSOCIATE_PROFESSOR,7
MMBA005,2025-12-11,AN,false,Prof_MMBA_005,ASSOCIATE_PROFESSOR,7
MMBA005,2025-12-12,FN,true,Prof_MMBA_005,ASSOCIATE_PROFESSOR,7
MMBA005,2025-12-12,AN,true,Prof_MMBA_005,ASSOCIATE_PROFESSOR,7
MMBA005,2025-12-13,FN,true,Prof_MMBA_005,ASSOCIATE_PROFESSOR,7
MMBA005,2025-12-13,AN,false,Prof_MMBA_005,ASSOCIATE_PROFESSOR,7
MMBA005,2025-12-15,FN,false,Prof_MMBA_005,ASSOCIATE_PROFESSOR,7
MMBA005,2025-12-15,AN,false,Prof_MMBA_005,ASSOCIATE_PROFESSOR,7
MMBA005,2025-12-16,FN,true,Prof_MMBA_005,ASSOCIATE_PROFESSOR,7
MMBA005,2025-12-16,AN,true,Prof_MMBA_005,ASSOCIATE_PROFESSOR,7
MMBA005,2025-12-17,FN,true,Prof_MMBA_005,ASSOCIATE_PROFESSOR,7
MMBA005,2025-12-17,AN,true,Prof_MMBA_005,ASSOCIATE_PROFESSOR,7
MMBA005,2025-12-18,FN,true,Prof_MMBA_005,ASSOCIATE_PROFESSOR,7
MMBA005,2025-12-18,AN,true,Prof_MMBA_005,ASSOCIATE_PROFESSOR,7
MMBA005,2025-12-19,FN,false,Prof_MMBA_005,ASSOCIATE_PROFESSOR,7
MMBA005,2025-12-19,AN,false,Prof_MMBA_005,ASSOCIATE_PROFESSOR,7
MMBA005,2025-12-20,FN,true,Prof_MMBA_005,ASSOCIATE_PROFESSOR,7
MMBA005,2025-12-20,AN,true,Prof_MMBA_005,ASSOCIATE_PROFESSOR,7
MMBA005,2025-12-22,FN,true,Prof_MMBA_005,ASSOCIATE_PROFESSOR,7
MMBA005,2025-12-22,AN,true,Prof_MMBA_005,ASSOCIATE_PROFESSOR,7
MMBA005,2025-11-25,FN,true,Prof_MMBA_005,ASSOCIATE_PROFESSOR,7
MMBA005,2025-11-25,AN,true,Prof_MMBA_005,ASSOCIATE_PROFESSOR,7
MMBA006,2025-12-08,FN,true,Prof_MMBA_006,ASSISTANT_PROFESSOR,7
MMBA006,2025-12-08,AN,false,Prof_MMBA_006,ASSISTANT_PROFESSOR,7
MMBA006,2025-12-09,FN,true,Prof_MMBA_006,ASSISTANT_PROFESSOR,7
MMBA006,2025-12-09,AN,true,Prof_MMBA_006,ASSISTANT_PROFESSOR,7
MMBA006,2025-12-10,FN,false,Prof_MMBA_006,ASSISTANT_PROFESSOR,7
MMBA006,2025-12-10,AN,true,Prof_MMBA_006,ASSISTANT_PROFESSOR,7
MMBA006,2025-12-11,FN,true,Prof_MMBA_006,ASSISTANT_PROFESSOR,7
MMBA006,2025-12-11,AN,false,Prof_MMBA_006,ASSISTANT_PROFESSOR,7
MMBA006,2025-12-12,FN,true,Prof_MMBA_006,ASSISTANT_PROFESSOR,7
MMBA006,2025-12-12,AN,true,Prof_MMBA_006,ASSISTANT_PROFESSOR,7
MMBA006,2025-12-13,FN,false,Prof_MMBA_006,ASSISTANT_PROFESSOR,7
MMBA006,2025-12-13,AN,true,Prof_MMBA_006,ASSISTANT_PROFESSOR,7
MMBA006,2025-12-15,FN,false,Prof_MMBA_006,ASSISTANT_PROFESSOR,7
MMBA006,2025-12-15,AN,true,Prof_MMBA_006,ASSISTANT_PROFESSOR,7
MMBA006,2025-12-16,FN,true,Prof_MMBA_006,ASSISTANT_PROFESSOR,7
MMBA006,2025-12-16,AN,false,Prof_MMBA_006,ASSISTANT_PROFESSOR,7
MMBA006,2025-12-17,FN,true,Prof_MMBA_006,ASSISTANT_PROFESSOR,7
MMBA006,2025-12-17,AN,true,Prof_MMBA_006,ASSISTANT_PROFESSOR,7
MMBA006,2025-12-18,FN,false,Prof_MMBA_006,ASSISTANT_PROFESSOR,7
MMBA006,2025-12-18,AN,true,Prof_MMBA_006,ASSISTANT_PROFESSOR,7
MMBA006,2025-12-19,FN,false,Prof_MMBA_006,ASSISTANT_PROFESSOR,7
MMBA006,2025-12-19,AN,true,Prof_MMBA_006,ASSISTANT_PROFESSOR,7
MMBA006,2025-12-20,FN,true,Prof_MMBA_006,ASSISTANT_PROFESSOR,7
MMBA006,2025-12-20,AN,true,Prof_MMBA_006,ASSISTANT_PROFESSOR,7
MMBA006,2025-12-22,FN,true,Prof_MMBA_006,ASSISTANT_PROFESSOR,7
MMBA006,2025-12-22,AN,false,Prof_MMBA_006,ASSISTANT_PROFESSOR,7
MMBA006,2025-11-25,FN,true,Prof_MMBA_006,ASSISTANT_PROFESSOR,7
MMBA006,2025-11-25,AN,false,Prof_MMBA_006,ASSISTANT_PROFESSOR,7
BEECE001,2025-12-08,FN,true,Prof_BEECE_001,PROFESSOR,8
BEECE001,2025-12-08,AN,false,Prof_BEECE_001,PROFESSOR,8
BEECE001,2025-12-09,FN,true,Prof_BEECE_001,PROFESSOR,8
BEECE001,2025-12-09,AN,true,Prof_BEECE_001,PROFESSOR,8
BEECE001,2025-12-10,FN,true,Prof_BEECE_001,PROFESSOR,8
BEECE001,2025-12-10,AN,true,Prof_BEECE_001,PROFESSOR,8
BEECE001,2025-12-11,FN,false,Prof_BEECE_001,PROFESSOR,8
BEECE001,2025-12-11,AN,true,Prof_BEECE_001,PROFESSOR,8
BEECE001,2025-12-12,FN,true,Prof_BEECE_001,PROFESSOR,8
BEECE001,2025-12-12,AN,true,Prof_BEECE_001,PROFESSOR,8
BEECE001,2025-12-13,FN,true,Prof_BEECE_001,PROFESSOR,8
BEECE001,2025-12-13,AN,false,Prof_BEECE_001,PROFESSOR,8
BEECE001,2025-12-15,FN,true,Prof_BEECE_001,PROFESSOR,8
BEECE001,2025-12-15,AN,true,Prof_BEECE_001,PROFESSOR,8
BEECE001,2025-12-16,FN,false,Prof_BEECE_001,PROFESSOR,8
BEECE001,2025-12-16,AN,true,Prof_BEECE_001,PROFESSOR,8
BEECE001,2025-12-17,FN,false,Prof_BEECE_001,PROFESSOR,8
BEECE001,2025-12-17,AN,true,Prof_BEECE_001,PROFESSOR,8
BEECE001,2025-12-18,FN,true,Prof_BEECE_001,PROFESSOR,8
BEECE001,2025-12-18,AN,false,Prof_BEECE_001,PROFESSOR,8
BEECE001,2025-12-19,FN,true,Prof_BEECE_001,PROFESSOR,8
BEECE001,2025-12-19,AN,false,Prof_BEECE_001,PROFESSOR,8
BEECE001,2025-12-20,FN,true,Prof_BEECE_001,PROFESSOR,8
BEECE001,2025-12-20,AN,true,Prof_BEECE_001,PROFESSOR,8
BEECE001,2025-12-22,FN,true,Prof_BEECE_001,PROFESSOR,8
BEECE001,2025-12-22,AN,true,Prof_BEECE_001,PROFESSOR,8
BEECE001,2025-11-25,FN,true,Prof_BEECE_001,PROFESSOR,8
BEECE001,2025-11-25,AN,true,Prof_BEECE_001,PROFESSOR,8
BEECE002,2025-12-08,FN,true,Prof_BEECE_002,ASSOCIATE_PROFESSOR,8
BEECE002,2025-12-08,AN,true,Prof_BEECE_002,ASSOCIATE_PROFESSOR,8
BEECE002,2025-12-09,FN,true,Prof_BEECE_002,ASSOCIATE_PROFESSOR,8
BEECE002,2025-12-09,AN,true,Prof_BEECE_002,ASSOCIATE_PROFESSOR,8
BEECE002,2025-12-10,FN,true,Prof_BEECE_002,ASSOCIATE_PROFESSOR,8
BEECE002,2025-12-10,AN,true,Prof_BEECE_002,ASSOCIATE_PROFESSOR,8
BEECE002,2025-12-11,FN,false,Prof_BEECE_002,ASSOCIATE_PROFESSOR,8
BEECE002,2025-12-11,AN,true,Prof_BEECE_002,ASSOCIATE_PROFESSOR,8
BEECE002,2025-12-12,FN,true,Prof_BEECE_002,ASSOCIATE_PROFESSOR,8
BEECE002,2025-12-12,AN,true,Prof_BEECE_002,ASSOCIATE_PROFESSOR,8
BEECE002,2025-12-13,FN,true,Prof_BEECE_002,ASSOCIATE_PROFESSOR,8
BEECE002,2025-12-13,AN,false,Prof_BEECE_002,ASSOCIATE_PROFESSOR,8
BEECE002,2025-12-15,FN,false,Prof_BEECE_002,ASSOCIATE_PROFESSOR,8
BEECE002,2025-12-15,AN,true,Prof_BEECE_002,ASSOCIATE_PROFESSOR,8
BEECE002,2025-12-16,FN,true,Prof_BEECE_002,ASSOCIATE_PROFESSOR,8
BEECE002,2025-12-16,AN,true,Prof_BEECE_002,ASSOCIATE_PROFESSOR,8
BEECE002,2025-12-17,FN,true,Prof_BEECE_002,ASSOCIATE_PROFESSOR,8
BEECE002,2025-12-17,AN,true,Prof_BEECE_002,ASSOCIATE_PROFESSOR,8
BEECE002,2025-12-18,FN,false,Prof_BEECE_002,ASSOCIATE_PROFESSOR,8
BEECE002,2025-12-18,AN,true,Prof_BEECE_002,ASSOCIATE_PROFESSOR,8
BEECE002,2025-12-19,FN,true,Prof_BEECE_002,ASSOCIATE_PROFESSOR,8
BEECE002,2025-12-19,AN,true,Prof_BEECE_002,ASSOCIATE_PROFESSOR,8
BEECE002,2025-12-20,FN,true,Prof_BEECE_002,ASSOCIATE_PROFESSOR,8
BEECE002,2025-12-20,AN,true,Prof_BEECE_002,ASSOCIATE_PROFESSOR,8
BEECE002,2025-12-22,FN,false,Prof_BEECE_002,ASSOCIATE_PROFESSOR,8
BEECE002,2025-12-22,AN,true,Prof_BEECE_002,ASSOCIATE_PROFESSOR,8
BEECE002,2025-11-25,FN,false,Prof_BEECE_002,ASSOCIATE_PROFESSOR,8
BEECE002,2025-11-25,AN,false,Prof_BEECE_002,ASSOCIATE_PROFESSOR,8
BEECE003,2025-12-08,FN,true,Prof_BEECE_003,ASSISTANT_PROFESSOR,8
BEECE003,2025-12-08,AN,true,Prof_BEECE_003,ASSISTANT_PROFESSOR,8
BEECE003,2025-12-09,FN,true,Prof_BEECE_003,ASSISTANT_PROFESSOR,8
BEECE003,2025-12-09,AN,true,Prof_BEECE_003,ASSISTANT_PROFESSOR,8
BEECE003,2025-12-10,FN,true,Prof_BEECE_003,ASSISTANT_PROFESSOR,8
BEECE003,2025-12-10,AN,true,Prof_BEECE_003,ASSISTANT_PROFESSOR,8
BEECE003,2025-12-11,FN,true,Prof_BEECE_003,ASSISTANT_PROFESSOR,8
BEECE003,2025-12-11,AN,false,Prof_BEECE_003,ASSISTANT_PROFESSOR,8
BEECE003,2025-12-12,FN,true,Prof_BEECE_003,ASSISTANT_PROFESSOR,8
BEECE003,2025-12-12,AN,false,Prof_BEECE_003,ASSISTANT_PROFESSOR,8
BEECE003,2025-12-13,FN,true,Prof_BEECE_003,ASSISTANT_PROFESSOR,8
BEECE003,2025-12-13,AN,true,Prof_BEECE_003,ASSISTANT_PROFESSOR,8
BEECE003,2025-12-15,FN,false,Prof_BEECE_003,ASSISTANT_PROFESSOR,8
BEECE003,2025-12-15,AN,true,Prof_BEECE_003,ASSISTANT_PROFESSOR,8
BEECE003,2025-12-16,FN,false,Prof_BEECE_003,ASSISTANT_PROFESSOR,8
BEECE003,2025-12-16,AN,true,Prof_BEECE_003,ASSISTANT_PROFESSOR,8
BEECE003,2025-12-17,FN,true,Prof_BEECE_003,ASSISTANT_PROFESSOR,8
BEECE003,2025-12-17,AN,true,Prof_BEECE_003,ASSISTANT_PROFESSOR,8
BEECE003,2025-12-18,FN,false,Prof_BEECE_003,ASSISTANT_PROFESSOR,8
BEECE003,2025-12-18,AN,true,Prof_BEECE_003,ASSISTANT_PROFESSOR,8
BEECE003,2025-12-19,FN,true,Prof_BEECE_003,ASSISTANT_PROFESSOR,8
BEECE003,2025-12-19,AN,true,Prof_BEECE_003,ASSISTANT_PROFESSOR,8
BEECE003,2025-12-20,FN,false,Prof_BEECE_003,ASSISTANT_PROFESSOR,8
BEECE003,2025-12-20,AN,true,Prof_BEECE_003,ASSISTANT_PROFESSOR,8
BEECE003,2025-12-22,FN,true,Prof_BEECE_003,ASSISTANT_PROFESSOR,8
BEECE003,2025-12-22,AN,true,Prof_BEECE_003,ASSISTANT_PROFESSOR,8
BEECE003,2025-11-25,FN,true,Prof_BEECE_003,ASSISTANT_PROFESSOR,8
BEECE003,2025-11-25,AN,true,Prof_BEECE_003,ASSISTANT_PROFESSOR,8
BEECE004,2025-12-08,FN,false,Prof_BEECE_004,PROFESSOR,8
BEECE004,2025-12-08,AN,true,Prof_BEECE_004,PROFESSOR,8
BEECE004,2025-12-09,FN,true,Prof_BEECE_004,PROFESSOR,8
BEECE004,2025-12-09,AN,false,Prof_BEECE_004,PROFESSOR,8
BEECE004,2025-12-10,FN,true,Prof_BEECE_004,PROFESSOR,8
BEECE004,2025-12-10,AN,true,Prof_BEECE_004,PROFESSOR,8
BEECE004,2025-12-11,FN,true,Prof_BEECE_004,PROFESSOR,8
BEECE004,2025-12-11,AN,true,Prof_BEECE_004,PROFESSOR,8
BEECE004,2025-12-12,FN,true,Prof_BEECE_004,PROFESSOR,8
BEECE004,2025-12-12,AN,false,Prof_BEECE_004,PROFESSOR,8
BEECE004,2025-12-13,FN,false,Prof_BEECE_004,PROFESSOR,8
BEECE004,2025-12-13,AN,true,Prof_BEECE_004,PROFESSOR,8
BEECE004,2025-12-15,FN,true,Prof_BEECE_004,PROFESSOR,8
BEECE004,2025-12-15,AN,true,Prof_BEECE_004,PROFESSOR,8
BEECE004,2025-12-16,FN,true,Prof_BEECE_004,PROFESSOR,8
BEECE004,2025-12-16,AN,true,Prof_BEECE_004,PROFESSOR,8
BEECE004,2025-12-17,FN,true,Prof_BEECE_004,PROFESSOR,8
BEECE004,2025-12-17,AN,false,Prof_BEECE_004,PROFESSOR,8
BEECE004,2025-12-18,FN,true,Prof_BEECE_004,PROFESSOR,8
BEECE004,2025-12-18,AN,true,Prof_BEECE_004,PROFESSOR,8
BEECE004,2025-12-19,FN,true,Prof_BEECE_004,PROFESSOR,8
BEECE004,2025-12-19,AN,true,Prof_BEECE_004,PROFESSOR,8
BEECE004,2025-12-20,FN,true,Prof_BEECE_004,PROFESSOR,8
BEECE004,2025-12-20,AN,true,Prof_BEECE_004,PROFESSOR,8
BEECE004,2025-12-22,FN,true,Prof_BEECE_004,PROFESSOR,8
BEECE004,2025-12-22,AN,true,Prof_BEECE_004,PROFESSOR,8
BEECE004,2025-11-25,FN,false,Prof_BEECE_004,PROFESSOR,8
BEECE004,2025-11-25,AN,true,Prof_BEECE_004,PROFESSOR,8
BEECE005,2025-12-08,FN,true,Prof_BEECE_005,ASSOCIATE_PROFESSOR,8
BEECE005,2025-12-08,AN,true,Prof_BEECE_005,ASSOCIATE_PROFESSOR,8
BEECE005,2025-12-09,FN,false,Prof_BEECE_005,ASSOCIATE_PROFESSOR,8
BEECE005,2025-12-09,AN,true,Prof_BEECE_005,ASSOCIATE_PROFESSOR,8
BEECE005,2025-12-10,FN,true,Prof_BEECE_005,ASSOCIATE_PROFESSOR,8
BEECE005,2025-12-10,AN,false,Prof_BEECE_005,ASSOCIATE_PROFESSOR,8
BEECE005,2025-12-11,FN,true,Prof_BEECE_005,ASSOCIATE_PROFESSOR,8
BEECE005,2025-12-11,AN,true,Prof_BEECE_005,ASSOCIATE_PROFESSOR,8
BEECE005,2025-12-12,FN,true,Prof_BEECE_005,ASSOCIATE_PROFESSOR,8
BEECE005,2025-12-12,AN,true,Prof_BEECE_005,ASSOCIATE_PROFESSOR,8
BEECE005,2025-12-13,FN,true,Prof_BEECE_005,ASSOCIATE_PROFESSOR,8
BEECE005,2025-12-13,AN,true,Prof_BEECE_005,ASSOCIATE_PROFESSOR,8
BEECE005,2025-12-15,FN,true,Prof_BEECE_005,ASSOCIATE_PROFESSOR,8
BEECE005,2025-12-15,AN,true,Prof_BEECE_005,ASSOCIATE_PROFESSOR,8
BEECE005,2025-12-16,FN,true,Prof_BEECE_005,ASSOCIATE_PROFESSOR,8
BEECE005,2025-12-16,AN,false,Prof_BEECE_005,ASSOCIATE_PROFESSOR,8
BEECE005,2025-12-17,FN,true,Prof_BEECE_005,ASSOCIATE_PROFESSOR,8
BEECE005,2025-12-17,AN,false,Prof_BEECE_005,ASSOCIATE_PROFESSOR,8
BEECE005,2025-12-18,FN,true,Prof_BEECE_005,ASSOCIATE_PROFESSOR,8
BEECE005,2025-12-18,AN,false,Prof_BEECE_005,ASSOCIATE_PROFESSOR,8
BEECE005,2025-12-19,FN,true,Prof_BEECE_005,ASSOCIATE_PROFESSOR,8
BEECE005,2025-12-19,AN,true,Prof_BEECE_005,ASSOCIATE_PROFESSOR,8
BEECE005,2025-12-20,FN,false,Prof_BEECE_005,ASSOCIATE_PROFESSOR,8
BEECE005,2025-12-20,AN,true,Prof_BEECE_005,ASSOCIATE_PROFESSOR,8
BEECE005,2025-12-22,FN,true,Prof_BEECE_005,ASSOCIATE_PROFESSOR,8
BEECE005,2025-12-22,AN,false,Prof_BEECE_005,ASSOCIATE_PROFESSOR,8
BEECE005,2025-11-25,FN,true,Prof_BEECE_005,ASSOCIATE_PROFESSOR,8
BEECE005,2025-11-25,AN,false,Prof_BEECE_005,ASSOCIATE_PROFESSOR,8
BEECE006,2025-12-08,FN,true,Prof_BEECE_006,ASSISTANT_PROFESSOR,8
BEECE006,2025-12-08,AN,true,Prof_BEECE_006,ASSISTANT_PROFESSOR,8
BEECE006,2025-12-09,FN,true,Prof_BEECE_006,ASSISTANT_PROFESSOR,8
BEECE006,2025-12-09,AN,false,Prof_BEECE_006,ASSISTANT_PROFESSOR,8
BEECE006,2025-12-10,FN,true,Prof_BEECE_006,ASSISTANT_PROFESSOR,8
BEECE006,2025-12-10,AN,true,Prof_BEECE_006,ASSISTANT_PROFESSOR,8
BEECE006,2025-12-11,FN,true,Prof_BEECE_006,ASSISTANT_PROFESSOR,8
BEECE006,2025-12-11,AN,false,Prof_BEECE_006,ASSISTANT_PROFESSOR,8
BEECE006,2025-12-12,FN,false,Prof_BEECE_006,ASSISTANT_PROFESSOR,8
BEECE006,2025-12-12,AN,true,Prof_BEECE_006,ASSISTANT_PROFESSOR,8
BEECE006,2025-12-13,FN,true,Prof_BEECE_006,ASSISTANT_PROFESSOR,8
BEECE006,2025-12-13,AN,true,Prof_BEECE_006,ASSISTANT_PROFESSOR,8
BEECE006,2025-12-15,FN,true,Prof_BEECE_006,ASSISTANT_PROFESSOR,8
BEECE006,2025-12-15,AN,false,Prof_BEECE_006,ASSISTANT_PROFESSOR,8
BEECE006,2025-12-16,FN,true,Prof_BEECE_006,ASSISTANT_PROFESSOR,8
BEECE006,2025-12-16,AN,true,Prof_BEECE_006,ASSISTANT_PROFESSOR,8
BEECE006,2025-12-17,FN,true,Prof_BEECE_006,ASSISTANT_PROFESSOR,8
BEECE006,2025-12-17,AN,true,Prof_BEECE_006,ASSISTANT_PROFESSOR,8
BEECE006,2025-12-18,FN,false,Prof_BEECE_006,ASSISTANT_PROFESSOR,8
BEECE006,2025-12-18,AN,false,Prof_BEECE_006,ASSISTANT_PROFESSOR,8
BEECE006,2025-12-19,FN,true,Prof_BEECE_006,ASSISTANT_PROFESSOR,8
BEECE006,2025-12-19,AN,false,Prof_BEECE_006,ASSISTANT_PROFESSOR,8
BEECE006,2025-12-20,FN,true,Prof_BEECE_006,ASSISTANT_PROFESSOR,8
BEECE006,2025-12-20,AN,false,Prof_BEECE_006,ASSISTANT_PROFESSOR,8
BEECE006,2025-12-22,FN,true,Prof_BEECE_006,ASSISTANT_PROFESSOR,8
BEECE006,2025-12-22,AN,true,Prof_BEECE_006,ASSISTANT_PROFESSOR,8
BEECE006,2025-11-25,FN,true,Prof_BEECE_006,ASSISTANT_PROFESSOR,8
BEECE006,2025-11-25,AN,false,Prof_BEECE_006,ASSISTANT_PROFESSOR,8
