Roll No,Name
23MMBA0001,Student_23_MMBA_0001
23MMBA0002,Student_23_MMBA_0002
23MMBA0003,Student_23_MMBA_0003
23MMBA0004,Student_23_MMBA_0004
23MMBA0005,Student_23_MMBA_0005
23MMBA0006,Student_23_MMBA_0006
23MMBA0007,Student_23_MMBA_0007
23MMBA0008,Student_23_MMBA_0008
23MMBA0009,Student_23_MMBA_0009
23MMBA0010,Student_23_MMBA_0010
23MMBA0011,Student_23_MMBA_0011
23MMBA0012,Student_23_MMBA_0012
23MMBA0013,Student_23_MMBA_0013
23MMBA0014,Student_23_MMBA_0014
23MMBA0015,Student_23_MMBA_0015
23MMBA0016,Student_23_MMBA_0016
23MMBA0017,Student_23_MMBA_0017
23MMBA0018,Student_23_MMBA_0018
23IZOO0001,Student_23_IZOO_0001
23IZOO0002,Student_23_IZOO_0002
23IZOO0003,Student_23_IZOO_0003
23IZOO0004,Student_23_IZOO_0004
23IZOO0005,Student_23_IZOO_0005
23IZOO0006,Student_23_IZOO_0006
23IZOO0007,Student_23_IZOO_0007
23IZOO0008,Student_23_IZOO_0008
23IZOO0009,Student_23_IZOO_0009
23IZOO0010,Student_23_IZOO_0010
23IZOO0011,Student_23_IZOO_0011
23IZOO0012,Student_23_IZOO_0012
23IZOO0013,Student_23_IZOO_0013
23IZOO0014,Student_23_IZOO_0014
23IZOO0015,Student_23_IZOO_0015
23IZOO0016,Student_23_IZOO_0016
23IZOO0017,Student_23_IZOO_0017
23IZOO0018,Student_23_IZOO_0018
23IPHY0001,Student_23_IPHY_0001
23IPHY0002,Student_23_IPHY_0002
23IPHY0003,Student_23_IPHY_0003
23IPHY0004,Student_23_IPHY_0004
23IPHY0005,Student_23_IPHY_0005
23IPHY0006,Student_23_IPHY_0006
23IPHY0007,Student_23_IPHY_0007
23IPHY0008,Student_23_IPHY_0008
23IPHY0009,Student_23_IPHY_0009
23IPHY0010,Student_23_IPHY_0010
23IPHY0011,Student_23_IPHY_0011
23IPHY0012,Student_23_IPHY_0012
23IPHY0013,Student_23_IPHY_0013
23IPHY0014,Student_23_IPHY_0014
23IPHY0015,Student_23_IPHY_0015
23IPHY0016,Student_23_IPHY_0016
23IPHY0017,Student_23_IPHY_0017
23IPHY0018,Student_23_IPHY_0018
23BMSW0001,Student_23_BMSW_0001
23BMSW0002,Student_23_BMSW_0002
23BMSW0003,Student_23_BMSW_0003
23BMSW0004,Student_23_BMSW_0004
23BMSW0005,Student_23_BMSW_0005
23BMSW0006,Student_23_BMSW_0006
23BMSW0007,Student_23_BMSW_0007
23BMSW0008,Student_23_BMSW_0008
23BMSW0009,Student_23_BMSW_0009
23BMSW0010,Student_23_BMSW_0010
23BMSW0011,Student_23_BMSW_0011
23BMSW0012,Student_23_BMSW_0012
23BMSW0013,Student_23_BMSW_0013
23BMSW0014,Student_23_BMSW_0014
23BMSW0015,Student_23_BMSW_0015
23BMSW0016,Student_23_BMSW_0016
23BMSW0017,Student_23_BMSW_0017
23BMSW0018,Student_23_BMSW_0018
23BDSS0001,Student_23_BDSS_0001
23BDSS0002,Student_23_BDSS_0002
23BDSS0003,Student_23_BDSS_0003
23BDSS0004,Student_23_BDSS_0004
23BDSS0005,Student_23_BDSS_0005
23BDSS0006,Student_23_BDSS_0006
23BDSS0007,Student_23_BDSS_0007
23BDSS0008,Student_23_BDSS_0008
23BDSS0009,Student_23_BDSS_0009
23BDSS0010,Student_23_BDSS_0010
23BDSS0011,Student_23_BDSS_0011
23BDSS0012,Student_23_BDSS_0012
23BDSS0013,Student_23_BDSS_0013
23BDSS0014,Student_23_BDSS_0014
23BDSS0015,Student_23_BDSS_0015
23BDSS0016,Student_23_BDSS_0016
23BDSS0017,Student_23_BDSS_0017
23BDSS0018,Student_23_BDSS_0018
23BJMC0001,Student_23_BJMC_0001
23BJMC0002,Student_23_BJMC_0002
23BJMC0003,Student_23_BJMC_0003
23BJMC0004,Student_23_BJMC_0004
23BJMC0005,Student_23_BJMC_0005
23BJMC0006,Student_23_BJMC_0006
23BJMC0007,Student_23_BJMC_0007
23BJMC0008,Student_23_BJMC_0008
23BJMC0009,Student_23_BJMC_0009
23BJMC0010,Student_23_BJMC_0010
23BJMC0011,Student_23_BJMC_0011
23BJMC0012,Student_23_BJMC_0012
23BJMC0013,Student_23_BJMC_0013
23BJMC0014,Student_23_BJMC_0014
23BJMC0015,Student_23_BJMC_0015
23BJMC0016,Student_23_BJMC_0016
23BJMC0017,Student_23_BJMC_0017
23BJMC0018,Student_23_BJMC_0018
23BPPA0001,Student_23_BPPA_0001
23BPPA0002,Student_23_BPPA_0002
23BPPA0003,Student_23_BPPA_0003
23BPPA0004,Student_23_BPPA_0004
23BPPA0005,Student_23_BPPA_0005
23BPPA0006,Student_23_BPPA_0006
23BPPA0007,Student_23_BPPA_0007
23BPPA0008,Student_23_BPPA_0008
23BPPA0009,Student_23_BPPA_0009
23BPPA0010,Student_23_BPPA_0010
23BPPA0011,Student_23_BPPA_0011
23BPPA0012,Student_23_BPPA_0012
23BPPA0013,Student_23_BPPA_0013
23BPPA0014,Student_23_BPPA_0014
23BPPA0015,Student_23_BPPA_0015
23BPPA0016,Student_23_BPPA_0016
23BPPA0017,Student_23_BPPA_0017
23BPPA0018,Student_23_BPPA_0018
23BEECE0001,Student_23_BEECE_0001
23BEECE0002,Student_23_BEECE_0002
23BEECE0003,Student_23_BEECE_0003
23BEECE0004,Student_23_BEECE_0004
23BEECE0005,Student_23_BEECE_0005
23BEECE0006,Student_23_BEECE_0006
23BEECE0007,Student_23_BEECE_0007
23BEECE0008,Student_23_BEECE_0008
23BEECE0009,Student_23_BEECE_0009
23BEECE0010,Student_23_BEECE_0010
23BEECE0011,Student_23_BEECE_0011
23BEECE0012,Student_23_BEECE_0012
23BEECE0013,Student_23_BEECE_0013
23BEECE0014,Student_23_BEECE_0014
23BEECE0015,Student_23_BEECE_0015
23BEECE0016,Student_23_BEECE_0016
23BEECE0017,Student_23_BEECE_0017
23BEECE0018,Student_23_BEECE_0018
23BECSE0001,Student_23_BECSE_0001
23BECSE0002,Student_23_BECSE_0002
23BECSE0003,Student_23_BECSE_0003
23BECSE0004,Student_23_BECSE_0004
23BECSE0005,Student_23_BECSE_0005
23BECSE0006,Student_23_BECSE_0006
23BECSE0007,Student_23_BECSE_0007
23BECSE0008,Student_23_BECSE_0008
23BECSE0009,Student_23_BECSE_0009
23BECSE0010,Student_23_BECSE_0010
23BECSE0011,Student_23_BECSE_0011
23BECSE0012,Student_23_BECSE_0012
23BECSE0013,Student_23_BECSE_0013
23BECSE0014,Student_23_BECSE_0014
23BECSE0015,Student_23_BECSE_0015
23BECSE0016,Student_23_BECSE_0016
23BECSE0017,Student_23_BECSE_0017
23BECSE0018,Student_23_BECSE_0018
24MMBA0001,Student_24_MMBA_0001
24MMBA0002,Student_24_MMBA_0002
24MMBA0003,Student_24_MMBA_0003
24MMBA0004,Student_24_MMBA_0004
24MMBA0005,Student_24_MMBA_0005
24MMBA0006,Student_24_MMBA_0006
24MMBA0007,Student_24_MMBA_0007
24MMBA0008,Student_24_MMBA_0008
24MMBA0009,Student_24_MMBA_0009
24MMBA0010,Student_24_MMBA_0010
24MMBA0011,Student_24_MMBA_0011
24MMBA0012,Student_24_MMBA_0012
24MMBA0013,Student_24_MMBA_0013
24MMBA0014,Student_24_MMBA_0014
24MMBA0015,Student_24_MMBA_0015
24MMBA0016,Student_24_MMBA_0016
24MMBA0017,Student_24_MMBA_0017
24MMBA0018,Student_24_MMBA_0018
24IZOO0001,Student_24_IZOO_0001
24IZOO0002,Student_24_IZOO_0002
24IZOO0003,Student_24_IZOO_0003
24IZOO0004,Student_24_IZOO_0004
24IZOO0005,Student_24_IZOO_0005
24IZOO0006,Student_24_IZOO_0006
24IZOO0007,Student_24_IZOO_0007
24IZOO0008,Student_24_IZOO_0008
24IZOO0009,Student_24_IZOO_0009
24IZOO0010,Student_24_IZOO_0010
24IZOO0011,Student_24_IZOO_0011
24IZOO0012,Student_24_IZOO_0012
24IZOO0013,Student_24_IZOO_0013
24IZOO0014,Student_24_IZOO_0014
24IZOO0015,Student_24_IZOO_0015
24IZOO0016,Student_24_IZOO_0016
24IZOO0017,Student_24_IZOO_0017
24IZOO0018,Student_24_IZOO_0018
24IPHY0001,Student_24_IPHY_0001
24IPHY0002,Student_24_IPHY_0002
24IPHY0003,Student_24_IPHY_0003
24IPHY0004,Student_24_IPHY_0004
24IPHY0005,Student_24_IPHY_0005
24IPHY0006,Student_24_IPHY_0006
24IPHY0007,Student_24_IPHY_0007
24IPHY0008,Student_24_IPHY_0008
24IPHY0009,Student_24_IPHY_0009
24IPHY0010,Student_24_IPHY_0010
24IPHY0011,Student_24_IPHY_0011
24IPHY0012,Student_24_IPHY_0012
24IPHY0013,Student_24_IPHY_0013
24IPHY0014,Student_24_IPHY_0014
24IPHY0015,Student_24_IPHY_0015
24IPHY0016,Student_24_IPHY_0016
24IPHY0017,Student_24_IPHY_0017
24IPHY0018,Student_24_IPHY_0018
24BMSW0001,Student_24_BMSW_0001
24BMSW0002,Student_24_BMSW_0002
24BMSW0003,Student_24_BMSW_0003
24BMSW0004,Student_24_BMSW_0004
24BMSW0005,Student_24_BMSW_0005
24BMSW0006,Student_24_BMSW_0006
24BMSW0007,Student_24_BMSW_0007
24BMSW0008,Student_24_BMSW_0008
24BMSW0009,Student_24_BMSW_0009
24BMSW0010,Student_24_BMSW_0010
24BMSW0011,Student_24_BMSW_0011
24BMSW0012,Student_24_BMSW_0012
24BMSW0013,Student_24_BMSW_0013
24BMSW0014,Student_24_BMSW_0014
24BMSW0015,Student_24_BMSW_0015
24BMSW0016,Student_24_BMSW_0016
24BMSW0017,Student_24_BMSW_0017
24BMSW0018,Student_24_BMSW_0018
24BDSS0001,Student_24_BDSS_0001
24BDSS0002,Student_24_BDSS_0002
24BDSS0003,Student_24_BDSS_0003
24BDSS0004,Student_24_BDSS_0004
24BDSS0005,Student_24_BDSS_0005
24BDSS0006,Student_24_BDSS_0006
24BDSS0007,Student_24_BDSS_0007
24BDSS0008,Student_24_BDSS_0008
24BDSS0009,Student_24_BDSS_0009
24BDSS0010,Student_24_BDSS_0010
24BDSS0011,Student_24_BDSS_0011
24BDSS0012,Student_24_BDSS_0012
24BDSS0013,Student_24_BDSS_0013
24BDSS0014,Student_24_BDSS_0014
24BDSS0015,Student_24_BDSS_0015
24BDSS0016,Student_24_BDSS_0016
24BDSS0017,Student_24_BDSS_0017
24BDSS0018,Student_24_BDSS_0018
24BJMC0001,Student_24_BJMC_0001
24BJMC0002,Student_24_BJMC_0002
24BJMC0003,Student_24_BJMC_0003
24BJMC0004,Student_24_BJMC_0004
24BJMC0005,Student_24_BJMC_0005
24BJMC0006,Student_24_BJMC_0006
24BJMC0007,Student_24_BJMC_0007
24BJMC0008,Student_24_BJMC_0008
24BJMC0009,Student_24_BJMC_0009
24BJMC0010,Student_24_BJMC_0010
24BJMC0011,Student_24_BJMC_0011
24BJMC0012,Student_24_BJMC_0012
24BJMC0013,Student_24_BJMC_0013
24BJMC0014,Student_24_BJMC_0014
24BJMC0015,Student_24_BJMC_0015
24BJMC0016,Student_24_BJMC_0016
24BJMC0017,Student_24_BJMC_0017
24BJMC0018,Student_24_BJMC_0018
24BPPA0001,Student_24_BPPA_0001
24BPPA0002,Student_24_BPPA_0002
24BPPA0003,Student_24_BPPA_0003
24BPPA0004,Student_24_BPPA_0004
24BPPA0005,Student_24_BPPA_0005
24BPPA0006,Student_24_BPPA_0006
24BPPA0007,Student_24_BPPA_0007
24BPPA0008,Student_24_BPPA_0008
24BPPA0009,Student_24_BPPA_0009
24BPPA0010,Student_24_BPPA_0010
24BPPA0011,Student_24_BPPA_0011
24BPPA0012,Student_24_BPPA_0012
24BPPA0013,Student_24_BPPA_0013
24BPPA0014,Student_24_BPPA_0014
24BPPA0015,Student_24_BPPA_0015
24BPPA0016,Student_24_BPPA_0016
24BPPA0017,Student_24_BPPA_0017
24BPPA0018,Student_24_BPPA_0018
24BEECE0001,Student_24_BEECE_0001
24BEECE0002,Student_24_BEECE_0002
24BEECE0003,Student_24_BEECE_0003
24BEECE0004,Student_24_BEECE_0004
24BEECE0005,Student_24_BEECE_0005
24BEECE0006,Student_24_BEECE_0006
24BEECE0007,Student_24_BEECE_0007
24BEECE0008,Student_24_BEECE_0008
24BEECE0009,Student_24_BEECE_0009
24BEECE0010,Student_24_BEECE_0010
24BEECE0011,Student_24_BEECE_0011
24BEECE0012,Student_24_BEECE_0012
24BEECE0013,Student_24_BEECE_0013
24BEECE0014,Student_24_BEECE_0014
24BEECE0015,Student_24_BEECE_0015
24BEECE0016,Student_24_BEECE_0016
24BEECE0017,Student_24_BEECE_0017
24BEECE0018,Student_24_BEECE_0018
24BECSE0001,Student_24_BECSE_0001
24BECSE0002,Student_24_BECSE_0002
24BECSE0003,Student_24_BECSE_0003
24BECSE0004,Student_24_BECSE_0004
24BECSE0005,Student_24_BECSE_0005
24BECSE0006,Student_24_BECSE_0006
24BECSE0007,Student_24_BECSE_0007
24BECSE0008,Student_24_BECSE_0008
24BECSE0009,Student_24_BECSE_0009
24BECSE0010,Student_24_BECSE_0010
24BECSE0011,Student_24_BECSE_0011
24BECSE0012,Student_24_BECSE_0012
24BECSE0013,Student_24_BECSE_0013
24BECSE0014,Student_24_BECSE_0014
24BECSE0015,Student_24_BECSE_0015
24BECSE0016,Student_24_BECSE_0016
24BECSE0017,Student_24_BECSE_0017
24BECSE0018,Student_24_BECSE_0018
25MMBA0001,Student_25_MMBA_0001
25MMBA0002,Student_25_MMBA_0002
25MMBA0003,Student_25_MMBA_0003
25MMBA0004,Student_25_MMBA_0004
25MMBA0005,Student_25_MMBA_0005
25MMBA0006,Student_25_MMBA_0006
25MMBA0007,Student_25_MMBA_0007
25MMBA0008,Student_25_MMBA_0008
25MMBA0009,Student_25_MMBA_0009
25MMBA0010,Student_25_MMBA_0010
25MMBA0011,Student_25_MMBA_0011
25MMBA0012,Student_25_MMBA_0012
25MMBA0013,Student_25_MMBA_0013
25MMBA0014,Student_25_MMBA_0014
25MMBA0015,Student_25_MMBA_0015
25MMBA0016,Student_25_MMBA_0016
25MMBA0017,Student_25_MMBA_0017
25MMBA0018,Student_25_MMBA_0018
25IZOO0001,Student_25_IZOO_0001
25IZOO0002,Student_25_IZOO_0002
25IZOO0003,Student_25_IZOO_0003
25IZOO0004,Student_25_IZOO_0004
25IZOO0005,Student_25_IZOO_0005
25IZOO0006,Student_25_IZOO_0006
25IZOO0007,Student_25_IZOO_0007
25IZOO0008,Student_25_IZOO_0008
25IZOO0009,Student_25_IZOO_0009
25IZOO0010,Student_25_IZOO_0010
25IZOO0011,Student_25_IZOO_0011
25IZOO0012,Student_25_IZOO_0012
25IZOO0013,Student_25_IZOO_0013
25IZOO0014,Student_25_IZOO_0014
25IZOO0015,Student_25_IZOO_0015
25IZOO0016,Student_25_IZOO_0016
25IZOO0017,Student_25_IZOO_0017
25IZOO0018,Student_25_IZOO_0018
25IPHY0001,Student_25_IPHY_0001
25IPHY0002,Student_25_IPHY_0002
25IPHY0003,Student_25_IPHY_0003
25IPHY0004,Student_25_IPHY_0004
25IPHY0005,Student_25_IPHY_0005
25IPHY0006,Student_25_IPHY_0006
25IPHY0007,Student_25_IPHY_0007
25IPHY0008,Student_25_IPHY_0008
25IPHY0009,Student_25_IPHY_0009
25IPHY0010,Student_25_IPHY_0010
25IPHY0011,Student_25_IPHY_0011
25IPHY0012,Student_25_IPHY_0012
25IPHY0013,Student_25_IPHY_0013
25IPHY0014,Student_25_IPHY_0014
25IPHY0015,Student_25_IPHY_0015
25IPHY0016,Student_25_IPHY_0016
25IPHY0017,Student_25_IPHY_0017
25IPHY0018,Student_25_IPHY_0018
25BMSW0001,Student_25_BMSW_0001
25BMSW0002,Student_25_BMSW_0002
25BMSW0003,Student_25_BMSW_0003
25BMSW0004,Student_25_BMSW_0004
25BMSW0005,Student_25_BMSW_0005
25BMSW0006,Student_25_BMSW_0006
25BMSW0007,Student_25_BMSW_0007
25BMSW0008,Student_25_BMSW_0008
25BMSW0009,Student_25_BMSW_0009
25BMSW0010,Student_25_BMSW_0010
25BMSW0011,Student_25_BMSW_0011
25BMSW0012,Student_25_BMSW_0012
25BMSW0013,Student_25_BMSW_0013
25BMSW0014,Student_25_BMSW_0014
25BMSW0015,Student_25_BMSW_0015
25BMSW0016,Student_25_BMSW_0016
25BMSW0017,Student_25_BMSW_0017
25BMSW0018,Student_25_BMSW_0018
25BDSS0001,Student_25_BDSS_0001
25BDSS0002,Student_25_BDSS_0002
25BDSS0003,Student_25_BDSS_0003
25BDSS0004,Student_25_BDSS_0004
25BDSS0005,Student_25_BDSS_0005
25BDSS0006,Student_25_BDSS_0006
25BDSS0007,Student_25_BDSS_0007
25BDSS0008,Student_25_BDSS_0008
25BDSS0009,Student_25_BDSS_0009
25BDSS0010,Student_25_BDSS_0010
25BDSS0011,Student_25_BDSS_0011
25BDSS0012,Student_25_BDSS_0012
25BDSS0013,Student_25_BDSS_0013
25BDSS0014,Student_25_BDSS_0014
25BDSS0015,Student_25_BDSS_0015
25BDSS0016,Student_25_BDSS_0016
25BDSS0017,Student_25_BDSS_0017
25BDSS0018,Student_25_BDSS_0018
25BJMC0001,Student_25_BJMC_0001
25BJMC0002,Student_25_BJMC_0002
25BJMC0003,Student_25_BJMC_0003
25BJMC0004,Student_25_BJMC_0004
25BJMC0005,Student_25_BJMC_0005
25BJMC0006,Student_25_BJMC_0006
25BJMC0007,Student_25_BJMC_0007
25BJMC0008,Student_25_BJMC_0008
25BJMC0009,Student_25_BJMC_0009
25BJMC0010,Student_25_BJMC_0010
25BJMC0011,Student_25_BJMC_0011
25BJMC0012,Student_25_BJMC_0012
25BJMC0013,Student_25_BJMC_0013
25BJMC0014,Student_25_BJMC_0014
25BJMC0015,Student_25_BJMC_0015
25BJMC0016,Student_25_BJMC_0016
25BJMC0017,Student_25_BJMC_0017
25BJMC0018,Student_25_BJMC_0018
25BPPA0001,Student_25_BPPA_0001
25BPPA0002,Student_25_BPPA_0002
25BPPA0003,Student_25_BPPA_0003
25BPPA0004,Student_25_BPPA_0004
25BPPA0005,Student_25_BPPA_0005
25BPPA0006,Student_25_BPPA_0006
25BPPA0007,Student_25_BPPA_0007
25BPPA0008,Student_25_BPPA_0008
25BPPA0009,Student_25_BPPA_0009
25BPPA0010,Student_25_BPPA_0010
25BPPA0011,Student_25_BPPA_0011
25BPPA0012,Student_25_BPPA_0012
25BPPA0013,Student_25_BPPA_0013
25BPPA0014,Student_25_BPPA_0014
25BPPA0015,Student_25_BPPA_0015
25BPPA0016,Student_25_BPPA_0016
25BPPA0017,Student_25_BPPA_0017
25BPPA0018,Student_25_BPPA_0018
25BEECE0001,Student_25_BEECE_0001
25BEECE0002,Student_25_BEECE_0002
25BEECE0003,Student_25_BEECE_0003
25BEECE0004,Student_25_BEECE_0004
25BEECE0005,Student_25_BEECE_0005
25BEECE0006,Student_25_BEECE_0006
25BEECE0007,Student_25_BEECE_0007
25BEECE0008,Student_25_BEECE_0008
25BEECE0009,Student_25_BEECE_0009
25BEECE0010,Student_25_BEECE_0010
25BEECE0011,Student_25_BEECE_0011
25BEECE0012,Student_25_BEECE_0012
25BEECE0013,Student_25_BEECE_0013
25BEECE0014,Student_25_BEECE_0014
25BEECE0015,Student_25_BEECE_0015
25BEECE0016,Student_25_BEECE_0016
25BEECE0017,Student_25_BEECE_0017
25BEECE0018,Student_25_BEECE_0018
25BECSE0001,Student_25_BECSE_0001
25BECSE0002,Student_25_BECSE_0002
25BECSE0003,Student_25_BECSE_0003
25BECSE0004,Student_25_BECSE_0004
25BECSE0005,Student_25_BECSE_0005
25BECSE0006,Student_25_BECSE_0006
25BECSE0007,Student_25_BECSE_0007
25BECSE0008,Student_25_BECSE_0008
25BECSE0009,Student_25_BECSE_0009
25BECSE0010,Student_25_BECSE_0010
25BECSE0011,Student_25_BECSE_0011
25BECSE0012,Student_25_BECSE_0012
25BECSE0013,Student_25_BECSE_0013
25BECSE0014,Student_25_BECSE_0014
25BECSE0015,Student_25_BECSE_0015
25BECSE0016,Student_25_BECSE_0016
25BECSE0017,Student_25_BECSE_0017
25BECSE0018,Student_25_BECSE_0018
